type,rating,listed_in,release_year,duration_mins,cluster
0,7,274,2020,90.0,2
1,11,414,2021,2.0,1
1,11,242,2021,1.0,2
1,11,297,2021,1.0,2
1,11,393,2021,2.0,1
1,11,499,2021,1.0,1
0,6,121,2021,91.0,0
0,11,319,1993,125.0,2
1,9,114,2021,9.0,0
0,7,197,2021,104.0,2
1,11,235,2021,1.0,2
1,11,242,2021,1.0,2
0,11,326,2021,127.0,2
0,12,125,2021,91.0,0
1,11,96,2021,1.0,0
1,11,488,2021,4.0,1
0,11,281,2020,67.0,2
1,11,253,2020,2.0,2
0,9,513,2021,94.0,1
1,11,398,2021,1.0,1
1,9,235,2021,1.0,2
1,9,405,2018,5.0,1
0,12,217,1996,161.0,2
0,13,121,2021,61.0,0
0,9,220,1998,166.0,2
1,9,293,2021,2.0,2
0,12,219,1997,147.0,2
0,7,185,2010,103.0,2
0,7,357,2013,97.0,2
0,7,513,2013,106.0,1
0,9,319,2021,111.0,2
1,11,487,2021,1.0,1
1,11,108,2020,3.0,0
1,11,416,2021,1.0,1
1,14,422,2020,1.0,1
0,11,332,2021,110.0,2
0,11,39,2021,105.0,0
1,14,433,2018,1.0,1
0,7,36,2017,96.0,0
1,14,422,2021,3.0,1
1,14,439,2021,1.0,1
0,6,17,1975,124.0,0
0,6,317,1978,116.0,2
0,6,48,1983,98.0,0
0,7,48,1987,91.0,0
0,6,274,2021,23.0,2
0,8,0,2012,115.0,0
1,11,393,2020,1.0,1
0,8,344,2001,122.0,2
1,11,412,2021,2.0,1
1,12,415,2014,1.0,1
0,9,5,2002,99.0,0
0,9,5,2003,99.0,0
0,12,5,2004,88.0,0
0,12,5,2001,100.0,0
1,12,446,2021,6.0,1
0,9,5,2011,102.0,0
0,12,5,2008,93.0,0
0,12,5,2009,96.0,0
0,12,5,2007,95.0,0
0,9,5,2010,85.0,0
0,12,5,2005,97.0,0
0,12,5,2006,95.0,0
0,12,5,2004,83.0,0
0,12,121,2021,103.0,0
1,13,422,2021,6.0,1
1,10,292,2014,1.0,2
1,12,433,1994,9.0,1
0,9,284,2021,113.0,2
1,12,412,2015,1.0,1
1,11,386,2021,1.0,1
0,13,121,2021,13.0,0
1,11,100,2021,5.0,0
0,11,326,2018,182.0,2
1,12,446,2021,2.0,1
0,10,121,2021,106.0,0
1,9,80,2013,1.0,0
0,14,125,2021,48.0,0
0,9,200,2020,145.0,2
0,9,200,2021,145.0,2
0,14,121,2021,93.0,0
0,8,0,2021,106.0,0
1,9,260,2021,6.0,2
1,11,446,2021,1.0,1
0,11,22,2020,147.0,0
1,14,86,2021,1.0,0
0,11,375,2021,87.0,1
1,13,423,2019,2.0,1
0,7,289,2021,96.0,2
1,14,422,2017,4.0,1
0,11,467,2019,95.0,1
0,9,281,2021,92.0,2
1,11,414,2021,2.0,1
0,11,329,2021,91.0,2
0,6,125,2018,90.0,0
1,11,446,2021,3.0,1
0,11,288,2018,97.0,2
1,14,435,2021,2.0,1
1,13,110,2021,1.0,0
1,11,488,2021,1.0,1
1,14,422,2019,2.0,1
0,11,289,2021,80.0,2
1,9,300,2021,1.0,2
0,11,332,2020,117.0,2
1,13,423,2016,2.0,1
0,9,22,2017,128.0,0
1,10,433,2021,5.0,1
0,3,138,2018,90.0,0
1,10,438,2021,1.0,1
1,11,241,2021,5.0,2
1,11,295,2021,1.0,2
1,13,422,2021,1.0,1
0,7,309,2021,119.0,2
0,12,230,2021,110.0,2
0,9,332,1994,143.0,2
0,6,337,2009,119.0,2
0,12,199,2015,114.0,2
0,7,274,2021,94.0,2
0,9,332,2017,106.0,2
0,11,329,2020,99.0,2
1,14,433,2021,1.0,1
1,9,393,2019,1.0,1
0,8,513,2003,118.0,1
1,14,422,2012,1.0,1
1,14,423,2013,3.0,1
1,11,255,2021,1.0,2
0,9,329,2020,115.0,2
0,6,125,2004,95.0,0
0,7,332,2017,115.0,2
0,7,309,2005,108.0,2
0,13,148,2021,63.0,0
0,8,16,1982,117.0,0
1,11,404,2021,1.0,1
0,8,60,2015,121.0,0
0,7,36,1994,142.0,0
0,8,0,1993,113.0,0
0,8,337,2003,154.0,2
0,6,20,2001,95.0,0
0,7,337,2010,108.0,2
0,8,164,1989,120.0,0
0,11,332,2014,100.0,2
0,8,0,2015,82.0,0
0,7,309,2007,124.0,2
0,7,60,2011,114.0,0
0,8,186,1990,104.0,2
0,8,192,1991,94.0,2
0,8,227,1994,94.0,2
1,12,446,2021,1.0,1
1,9,512,2020,1.0,1
0,8,20,1998,93.0,0
0,8,513,1999,97.0,1
0,9,52,2005,109.0,0
0,11,185,2016,88.0,2
1,13,422,2016,2.0,1
1,11,85,2015,3.0,0
0,6,10,1986,101.0,0
0,6,203,2010,105.0,2
0,9,467,2018,102.0,1
0,7,230,2003,101.0,2
0,11,200,2010,103.0,2
1,12,487,1992,4.0,1
0,7,193,1996,106.0,2
0,7,309,2017,118.0,2
0,8,230,2003,86.0,2
0,7,20,1999,121.0,0
1,11,241,2019,1.0,2
0,8,174,1984,229.0,2
0,6,125,2008,76.0,0
0,6,9,2001,95.0,0
0,7,36,2006,98.0,0
0,8,288,1997,89.0,2
0,7,310,2017,120.0,2
0,7,227,2003,110.0,2
0,7,285,2015,83.0,2
0,8,36,2003,121.0,0
0,8,337,1980,105.0,2
0,7,20,1986,94.0,0
0,9,14,1961,156.0,0
0,8,20,2014,112.0,0
0,7,230,1996,95.0,2
0,7,230,2000,107.0,2
1,9,291,2021,1.0,2
0,7,185,2008,114.0,2
0,8,14,1993,129.0,0
1,12,446,2021,1.0,1
0,11,289,2021,86.0,2
1,9,393,2021,1.0,1
1,10,409,2021,1.0,1
0,11,217,2008,97.0,2
1,13,433,2020,2.0,1
0,9,326,2021,125.0,2
0,8,318,2017,107.0,2
0,9,25,2008,127.0,0
1,11,412,2021,1.0,1
1,11,400,2002,1.0,1
0,9,200,2008,128.0,2
0,9,230,2021,92.0,2
1,14,433,2021,1.0,1
1,11,244,2021,1.0,2
0,9,200,2006,135.0,2
0,9,46,2004,124.0,0
0,9,332,2003,136.0,2
0,11,219,2005,165.0,2
0,11,217,2016,124.0,2
0,11,217,2012,136.0,2
0,9,221,2001,150.0,2
0,11,319,2010,112.0,2
0,9,53,2008,119.0,0
0,9,328,2010,133.0,2
0,9,328,2013,142.0,2
0,11,350,2011,93.0,2
0,11,350,2014,113.0,2
1,11,412,2016,2.0,1
1,12,292,2021,3.0,2
0,8,52,2021,124.0,0
0,11,39,2007,116.0,0
0,9,199,2011,106.0,2
0,9,200,2011,145.0,2
1,9,455,2021,1.0,1
1,9,80,2021,1.0,0
1,12,433,2021,4.0,1
0,9,274,2021,93.0,2
1,11,264,2021,1.0,2
1,11,235,2021,1.0,2
1,9,385,2021,1.0,1
1,11,414,2021,1.0,1
1,11,410,2021,1.0,1
0,11,322,2020,95.0,2
0,8,0,2014,108.0,0
0,11,345,2020,90.0,2
0,11,289,2021,86.0,2
0,6,138,2021,92.0,0
1,10,446,2019,3.0,1
0,11,288,2021,82.0,2
1,13,433,2021,1.0,1
0,12,287,2021,70.0,2
0,9,353,2021,122.0,2
0,9,353,2021,122.0,2
0,9,353,2021,122.0,2
0,9,353,2021,122.0,2
0,11,1,2021,84.0,0
1,9,500,2021,3.0,1
1,11,409,2021,1.0,1
1,11,399,2021,1.0,1
0,9,332,2018,96.0,2
1,12,292,2021,1.0,2
0,11,329,2021,115.0,2
0,8,36,2021,110.0,0
1,11,488,2021,1.0,1
0,14,131,2021,88.0,0
0,12,329,2020,102.0,2
0,7,322,2011,91.0,2
0,11,375,2021,105.0,2
0,9,329,1995,135.0,2
1,13,422,2021,5.0,1
0,11,281,2021,86.0,2
0,9,326,2020,140.0,2
0,9,329,2015,133.0,2
0,11,200,2020,92.0,2
0,12,200,2018,82.0,2
1,11,244,2020,1.0,2
0,9,220,2021,97.0,2
0,11,287,2021,78.0,2
1,13,422,2016,2.0,1
0,8,211,2014,94.0,2
1,9,81,2018,1.0,0
1,11,292,2020,1.0,2
0,8,175,1993,121.0,0
0,11,326,2020,97.0,2
1,14,422,2015,2.0,1
0,11,0,2021,110.0,0
1,11,499,2021,1.0,1
1,14,422,2021,5.0,1
1,11,244,2021,1.0,2
1,11,488,2021,7.0,1
1,11,241,2021,1.0,2
1,11,391,2021,2.0,1
1,9,417,2021,1.0,1
0,11,470,2021,64.0,1
0,12,2,2021,59.0,0
1,12,446,2021,1.0,1
0,9,217,2016,101.0,2
0,11,319,2020,127.0,2
0,7,281,2021,90.0,2
0,9,230,2021,114.0,2
0,8,326,2013,108.0,2
1,13,422,2021,2.0,1
1,9,393,2021,1.0,1
1,11,241,2018,1.0,2
1,9,394,2019,1.0,1
0,11,289,2021,70.0,2
1,9,80,2021,1.0,0
0,7,199,2012,98.0,2
0,11,220,2021,86.0,2
0,12,366,2020,139.0,2
0,7,20,2021,111.0,0
1,11,481,2021,1.0,1
1,11,512,2021,1.0,1
0,11,200,2020,115.0,2
0,9,347,2021,102.0,2
0,6,148,2021,100.0,0
0,9,25,2013,135.0,0
0,11,281,2013,69.0,2
0,11,190,1985,95.0,2
0,9,274,2021,97.0,2
0,11,176,1993,124.0,0
0,12,326,2016,118.0,2
0,11,345,2021,115.0,2
0,11,442,2012,115.0,1
1,12,446,2021,3.0,1
1,11,234,2021,1.0,2
1,11,400,2021,2.0,1
1,11,446,2021,1.0,1
1,9,394,2009,1.0,1
0,8,322,1995,104.0,2
0,11,326,2010,106.0,2
1,9,393,2011,1.0,1
0,7,285,2021,102.0,2
0,11,281,2021,97.0,2
1,9,393,2005,1.0,1
1,12,291,2021,1.0,2
1,9,393,2013,1.0,1
1,11,393,2008,1.0,1
1,9,487,2012,7.0,1
1,14,422,2020,3.0,1
0,6,125,1992,87.0,0
0,6,125,1993,88.0,0
0,7,60,2007,114.0,0
0,8,0,2016,90.0,0
0,7,309,2002,142.0,2
0,6,133,2009,90.0,0
1,11,84,2020,1.0,0
0,8,47,1999,105.0,0
0,7,163,1986,103.0,0
0,7,337,2019,116.0,2
0,8,344,2006,113.0,2
1,9,506,2010,5.0,1
0,8,230,2007,99.0,2
1,9,80,2014,6.0,0
0,9,319,2021,96.0,2
0,7,62,2010,148.0,0
0,8,318,1999,189.0,2
0,7,185,1995,97.0,2
0,7,309,1991,102.0,2
0,6,127,1994,99.0,0
0,6,125,2015,85.0,0
0,8,20,2008,112.0,0
0,6,133,2009,91.0,0
0,7,185,2019,91.0,2
0,7,343,2003,141.0,2
0,7,41,2000,130.0,0
0,8,21,2004,98.0,0
0,8,197,2016,105.0,2
0,8,345,2013,101.0,2
0,8,20,1991,105.0,0
0,8,344,2011,118.0,2
0,7,0,2010,97.0,0
0,8,325,2004,102.0,2
0,7,513,1995,114.0,1
0,8,470,2000,111.0,1
0,7,230,2010,125.0,2
1,9,502,2021,3.0,1
0,9,326,2018,76.0,2
0,8,57,2021,118.0,0
1,14,433,2021,1.0,1
0,9,319,2014,103.0,2
1,9,104,2021,3.0,0
0,9,281,2020,114.0,2
1,9,385,2009,1.0,1
1,9,96,2021,1.0,0
1,11,483,2021,2.0,1
0,9,319,2009,95.0,2
0,11,52,2021,138.0,0
0,11,25,2021,112.0,0
0,12,220,2013,94.0,2
0,9,230,2021,102.0,2
1,14,75,2021,1.0,0
0,11,52,2021,92.0,0
0,9,274,2019,81.0,2
1,11,446,2021,1.0,1
1,9,257,2021,7.0,2
1,11,241,2021,1.0,2
1,9,506,2021,3.0,1
0,11,52,2012,143.0,0
0,9,513,2021,86.0,1
1,11,243,2021,3.0,2
1,13,422,2021,4.0,1
0,9,200,2021,132.0,2
1,11,472,2021,1.0,1
0,11,332,2019,117.0,2
1,11,156,2019,10.0,0
1,11,405,2020,4.0,1
0,8,36,2012,165.0,0
0,6,150,2021,91.0,0
0,11,319,2021,97.0,2
0,11,217,2021,97.0,2
0,11,46,2021,123.0,0
1,11,393,2021,1.0,1
0,11,353,2021,94.0,2
1,12,486,2021,1.0,1
1,12,90,2021,1.0,0
1,11,398,2021,2.0,1
0,11,337,2021,111.0,2
1,11,291,2021,2.0,2
0,11,274,2021,85.0,2
0,13,121,2015,65.0,0
0,14,121,2013,64.0,0
0,14,121,2009,68.0,0
0,14,121,2011,67.0,0
0,14,121,2010,66.0,0
0,14,121,2013,64.0,0
0,14,121,2013,64.0,0
0,14,121,2013,65.0,0
0,14,121,2013,64.0,0
0,14,121,2012,68.0,0
0,14,121,2009,68.0,0
0,14,121,2013,64.0,0
0,14,121,2015,62.0,0
0,13,121,2019,63.0,0
0,14,150,2010,69.0,0
0,14,121,2012,70.0,0
0,14,121,2014,63.0,0
0,14,121,2011,68.0,0
0,14,121,2011,74.0,0
0,14,121,2012,68.0,0
1,9,498,2019,5.0,1
0,11,309,2021,99.0,2
0,9,217,2019,90.0,2
0,10,67,2021,87.0,0
0,9,332,2020,105.0,2
1,9,104,2021,1.0,0
1,11,386,2021,1.0,1
0,14,121,2021,106.0,0
0,11,199,2020,102.0,2
1,11,151,2020,1.0,0
1,11,240,2019,1.0,2
0,9,329,2021,91.0,2
0,8,0,2021,88.0,0
0,12,329,2020,107.0,2
0,11,332,2021,101.0,2
1,11,300,2021,3.0,2
0,8,354,2021,114.0,2
1,14,433,2021,1.0,1
0,8,217,1999,123.0,2
1,9,291,2021,1.0,2
0,8,325,2017,94.0,2
0,7,309,2017,105.0,2
0,7,337,2011,117.0,2
0,7,337,2012,115.0,2
0,7,337,2010,124.0,2
0,7,337,2009,131.0,2
0,7,40,2008,122.0,0
0,12,200,2021,113.0,2
1,11,80,2021,2.0,0
0,11,186,1983,91.0,2
0,11,283,2021,100.0,2
1,9,393,2019,1.0,1
0,12,284,2021,93.0,2
0,9,329,2021,90.0,2
1,9,492,2021,2.0,1
0,6,134,2007,86.0,0
0,9,199,2019,100.0,2
0,11,274,2019,96.0,2
0,11,350,2021,95.0,2
0,8,20,2021,115.0,0
1,11,234,2021,1.0,2
1,11,446,2021,1.0,1
0,11,281,2021,100.0,2
0,11,200,2021,102.0,2
0,11,318,2019,87.0,2
0,9,442,2021,39.0,1
0,12,141,2021,110.0,0
1,13,422,2021,1.0,1
0,11,289,2020,93.0,2
0,8,20,2015,96.0,0
0,11,470,2019,93.0,1
0,11,196,2016,93.0,2
1,9,492,2021,4.0,1
1,11,415,2021,2.0,1
0,8,345,2021,111.0,2
0,9,200,2020,105.0,2
0,11,39,2021,101.0,0
1,11,291,2021,1.0,2
0,11,329,2021,102.0,2
0,10,470,2021,46.0,1
0,9,513,2021,89.0,1
0,6,133,2016,94.0,0
1,11,391,2021,1.0,1
1,9,462,2021,3.0,1
0,9,217,2017,104.0,2
1,11,235,2021,1.0,2
0,7,203,2017,97.0,2
0,7,337,2018,91.0,2
1,11,91,2021,1.0,0
0,8,227,2015,106.0,2
0,11,281,2019,38.0,2
0,7,52,2014,90.0,0
1,9,291,2021,1.0,2
0,11,326,2020,87.0,2
1,12,291,2021,2.0,2
0,11,52,2021,138.0,0
0,11,326,2020,105.0,2
0,9,329,2010,104.0,2
1,11,244,2021,2.0,2
1,11,399,2021,1.0,1
0,12,326,2020,85.0,2
0,10,369,2021,92.0,2
0,9,217,2019,108.0,2
0,11,326,2019,95.0,2
1,13,422,2019,3.0,1
1,9,414,2016,2.0,1
1,11,472,2017,2.0,1
1,14,422,2007,4.0,1
1,9,482,2018,3.0,1
1,11,108,2019,5.0,0
1,11,108,2019,2.0,0
1,11,414,2021,2.0,1
1,9,393,2017,2.0,1
0,9,326,2020,105.0,2
1,11,96,2020,2.0,0
1,11,487,2021,2.0,1
1,11,409,2021,5.0,1
1,14,424,2015,3.0,1
1,11,97,2019,3.0,0
1,11,412,2019,2.0,1
1,13,422,2018,8.0,1
1,11,488,2019,7.0,1
1,13,422,2016,2.0,1
0,9,329,2012,116.0,2
0,11,326,1976,124.0,2
1,10,433,2015,2.0,1
0,12,326,2018,101.0,2
1,11,266,2019,3.0,2
1,9,412,2021,3.0,1
0,10,326,2019,95.0,2
1,13,433,2015,2.0,1
1,9,294,2018,3.0,2
1,9,385,2018,6.0,1
1,12,109,2021,2.0,0
1,12,432,2020,2.0,1
1,10,110,2020,4.0,0
0,9,200,2018,128.0,2
0,9,326,1959,143.0,2
1,11,242,2020,2.0,2
1,11,409,2021,5.0,1
1,13,423,2020,3.0,1
1,9,394,2021,1.0,1
1,14,422,2021,1.0,1
1,9,462,2020,17.0,1
1,9,385,2020,1.0,1
0,8,354,2021,107.0,2
0,11,371,2021,136.0,2
0,11,217,2020,94.0,2
1,11,244,2019,2.0,2
0,11,332,2020,136.0,2
0,8,32,2013,126.0,0
0,9,353,2021,116.0,2
0,7,357,2018,100.0,2
0,8,0,2012,115.0,0
0,8,0,1997,125.0,0
0,7,289,2021,39.0,2
0,7,20,2002,94.0,0
0,7,185,1997,90.0,2
0,7,28,1999,95.0,0
0,8,199,1997,155.0,2
1,10,377,2020,1.0,1
0,7,20,2000,98.0,0
0,7,64,1995,108.0,0
0,6,125,1993,96.0,0
0,9,329,2019,117.0,2
0,9,52,2021,118.0,0
1,11,393,2021,1.0,1
0,7,200,2019,103.0,2
0,6,125,2008,94.0,0
0,6,125,2011,93.0,0
0,7,203,2010,115.0,2
0,8,312,2019,120.0,2
1,11,409,2021,1.0,1
0,7,337,2005,145.0,2
0,8,15,1988,126.0,0
0,9,5,2021,96.0,0
0,7,60,1995,101.0,0
0,7,197,2016,118.0,2
0,8,230,2011,109.0,2
0,8,185,2001,89.0,2
0,7,337,2018,106.0,2
0,8,345,1992,101.0,2
1,11,410,2020,1.0,1
1,13,422,2018,1.0,1
0,8,326,2019,101.0,2
1,14,86,2016,3.0,0
0,7,337,2008,123.0,2
0,8,230,2010,106.0,2
0,6,125,2000,89.0,0
0,7,60,2009,128.0,0
0,6,125,1999,85.0,0
0,8,199,2019,89.0,2
0,7,29,2006,108.0,0
0,8,344,2010,105.0,2
0,7,309,2019,133.0,2
0,8,513,1997,129.0,1
0,6,8,1984,127.0,0
0,6,11,1986,113.0,0
0,6,138,1989,112.0,0
0,8,309,2003,130.0,2
0,8,0,1980,100.0,0
0,7,326,2006,103.0,2
0,8,359,2008,85.0,2
0,7,0,2002,124.0,0
0,7,58,2010,103.0,0
0,8,47,2003,121.0,0
0,8,47,2012,89.0,0
0,8,47,2009,92.0,0
0,11,332,2020,112.0,2
0,7,338,1998,114.0,2
0,8,336,1998,116.0,2
0,8,309,2019,110.0,2
1,11,394,2021,1.0,1
0,11,20,2021,98.0,0
0,9,326,2020,98.0,2
1,11,446,2019,1.0,1
1,9,77,2020,1.0,0
0,8,513,2019,100.0,1
0,11,200,2021,90.0,2
0,11,332,2021,92.0,2
1,11,241,2021,1.0,2
1,11,96,2021,1.0,0
1,9,85,2020,1.0,0
1,13,422,2021,4.0,1
0,9,326,2020,82.0,2
0,8,309,2012,97.0,2
1,9,80,2021,5.0,0
0,9,217,2019,90.0,2
0,11,319,2018,76.0,2
0,9,281,2019,83.0,2
0,11,326,2010,101.0,2
0,7,0,2021,109.0,0
1,11,414,2021,1.0,1
1,11,462,2021,1.0,1
1,9,80,2021,1.0,0
1,11,412,2021,1.0,1
0,6,289,2021,97.0,2
1,11,412,2021,2.0,1
0,8,345,2021,87.0,2
0,11,230,2021,94.0,2
0,9,281,2021,89.0,2
0,11,219,2021,88.0,2
1,10,385,2021,1.0,1
1,11,447,2021,2.0,1
0,9,329,2019,108.0,2
0,9,326,2016,96.0,2
0,11,200,2003,84.0,2
0,9,200,2004,70.0,2
1,11,292,2021,1.0,2
0,11,200,2014,125.0,2
0,11,200,2016,119.0,2
0,11,367,2015,105.0,2
1,9,451,2001,2.0,1
1,9,394,2021,1.0,1
1,9,394,2018,1.0,1
1,9,482,2021,4.0,1
1,11,410,2018,4.0,1
1,9,487,2018,1.0,1
1,11,412,2019,1.0,1
1,13,422,2020,2.0,1
1,11,244,2020,2.0,2
1,9,393,2020,1.0,1
1,9,492,2015,6.0,1
1,11,262,2018,3.0,2
1,11,241,2020,5.0,2
0,9,5,1981,133.0,0
0,11,5,1982,140.0,0
0,9,5,1988,120.0,0
1,11,387,2019,1.0,1
1,11,498,2019,2.0,1
1,11,386,2018,1.0,1
1,9,264,2019,4.0,2
1,11,487,2020,6.0,1
1,11,265,2018,1.0,2
1,11,244,2018,1.0,2
1,11,291,2020,1.0,2
1,11,99,2018,1.0,0
1,11,409,2021,1.0,1
0,11,326,2021,135.0,2
1,11,241,2021,4.0,2
0,7,309,2021,111.0,2
1,9,382,2021,2.0,1
0,11,39,2021,159.0,0
0,9,220,2020,119.0,2
0,9,3,1981,139.0,0
0,9,52,2021,137.0,0
1,9,409,2021,1.0,1
1,9,394,2021,1.0,1
0,9,200,2021,101.0,2
0,12,199,2019,13.0,2
0,9,326,2015,12.0,2
1,11,480,2021,2.0,1
1,11,391,2021,1.0,1
0,11,319,2020,101.0,2
1,11,414,2021,1.0,1
1,11,80,2021,1.0,0
0,11,309,2019,96.0,2
0,8,199,2012,122.0,2
1,11,414,2021,3.0,1
0,9,200,2018,95.0,2
0,9,284,2019,89.0,2
1,11,400,2021,1.0,1
1,9,393,2021,1.0,1
0,7,318,2016,98.0,2
1,11,391,2020,3.0,1
1,12,300,2021,1.0,2
0,11,332,2021,119.0,2
0,11,39,2020,138.0,0
1,14,433,2020,1.0,1
1,11,247,2021,1.0,2
1,11,391,2021,1.0,1
0,11,274,1972,104.0,2
0,10,274,2021,273.0,2
0,8,211,2013,101.0,2
1,10,422,2021,1.0,1
1,13,422,2021,2.0,1
0,8,0,2020,99.0,0
0,11,274,2005,84.0,2
1,10,446,2014,1.0,1
0,9,274,2021,82.0,2
1,11,400,2021,1.0,1
1,11,512,2014,1.0,1
0,11,274,2020,97.0,2
0,11,345,2021,89.0,2
0,11,442,2021,36.0,1
0,11,442,2021,34.0,1
1,9,412,2021,2.0,1
0,11,442,2021,36.0,1
1,14,422,2016,2.0,1
1,11,242,2021,2.0,2
0,12,200,2021,113.0,2
0,6,141,2021,110.0,0
1,11,78,2021,1.0,0
0,9,68,2021,36.0,0
0,6,125,2021,102.0,0
0,8,207,2014,86.0,2
0,11,326,2012,91.0,2
0,11,326,2021,117.0,2
0,11,322,2014,99.0,2
1,11,397,2021,1.0,1
0,9,375,2019,77.0,1
0,11,344,2021,97.0,2
0,11,200,2013,106.0,2
1,12,446,2021,1.0,1
1,11,255,2021,2.0,2
0,11,319,2021,97.0,2
1,14,433,2018,2.0,1
0,7,28,2014,104.0,0
1,11,391,2007,1.0,1
0,8,318,2018,110.0,2
0,10,136,2021,61.0,0
0,11,329,2020,98.0,2
0,12,274,2021,74.0,2
1,11,461,2021,2.0,1
0,10,442,2015,60.0,1
0,10,442,2015,60.0,1
1,12,300,2021,1.0,2
0,9,220,2021,103.0,2
1,9,482,2021,1.0,1
0,9,220,2021,94.0,2
0,11,52,2021,112.0,0
0,11,470,2021,49.0,1
1,9,409,2021,1.0,1
0,11,200,2021,111.0,2
0,10,281,2020,58.0,2
0,9,283,2021,72.0,2
1,9,512,2021,1.0,1
1,11,394,2021,2.0,1
0,11,332,2019,78.0,2
0,7,313,2020,101.0,2
0,11,320,2012,110.0,2
0,7,0,2001,94.0,0
0,11,213,2009,70.0,2
1,11,80,2013,1.0,0
0,7,33,2000,118.0,0
1,13,422,2019,2.0,1
0,9,274,2021,99.0,2
0,8,337,1997,103.0,2
0,11,219,2021,95.0,2
0,11,199,2011,93.0,2
1,13,422,2021,3.0,1
0,8,36,2013,101.0,0
0,8,0,2003,101.0,0
0,7,513,2001,89.0,1
1,9,109,2015,6.0,0
0,11,274,2015,109.0,2
0,8,36,2008,104.0,0
0,6,203,2010,90.0,2
0,7,230,1997,109.0,2
0,9,200,2019,145.0,2
1,9,487,2012,3.0,1
0,8,270,2011,88.0,2
0,7,309,2001,132.0,2
0,8,199,1997,109.0,2
0,7,343,2004,133.0,2
0,9,320,2012,85.0,2
0,8,42,2011,104.0,0
0,8,0,2009,99.0,0
1,12,89,2006,1.0,0
0,8,359,2006,93.0,2
1,9,410,2021,1.0,1
0,9,39,2017,204.0,0
0,12,39,2017,212.0,0
0,8,0,2014,98.0,0
0,7,20,2004,101.0,0
0,6,16,1984,94.0,0
0,13,121,2021,25.0,0
0,8,0,2001,99.0,0
1,14,422,1993,1.0,1
0,6,230,1981,108.0,2
0,11,327,2015,106.0,2
0,7,513,2005,128.0,1
0,7,199,2015,104.0,2
0,7,203,1996,127.0,2
0,6,14,1976,136.0,0
1,9,414,2021,3.0,1
0,8,340,2018,97.0,2
0,8,345,2019,88.0,2
0,11,199,2019,97.0,2
0,8,513,2018,97.0,1
1,11,264,2020,2.0,2
0,11,470,2021,88.0,1
0,9,217,2021,103.0,2
0,7,309,2016,97.0,2
0,14,125,2021,88.0,0
1,11,488,2021,3.0,1
1,11,295,2021,2.0,2
1,9,405,2021,1.0,1
1,11,244,2021,1.0,2
0,12,139,2021,97.0,0
1,12,80,2021,1.0,0
0,11,353,2021,118.0,2
1,11,405,2021,2.0,1
0,11,470,2021,70.0,1
0,11,319,2018,91.0,2
0,11,331,2021,92.0,2
0,11,39,2021,120.0,0
1,9,291,2021,1.0,2
1,11,80,2016,3.0,0
0,11,281,2021,73.0,2
0,9,332,2014,110.0,2
0,6,133,2015,94.0,0
1,11,393,2021,1.0,1
1,11,488,2021,3.0,1
0,10,366,2020,61.0,1
0,9,328,2021,131.0,2
0,9,328,2021,131.0,2
0,9,328,2021,131.0,2
0,8,44,2021,148.0,0
0,11,274,2021,29.0,2
1,14,432,2021,3.0,1
0,11,326,2020,107.0,2
1,11,399,2021,2.0,1
0,9,319,2009,99.0,2
0,9,326,2011,92.0,2
0,11,282,2020,91.0,2
0,14,125,2021,47.0,0
1,11,487,2021,2.0,1
0,6,125,2011,88.0,0
0,9,332,2006,116.0,2
0,8,36,2014,109.0,0
0,8,513,2017,92.0,1
0,7,274,1998,87.0,2
1,13,422,1997,1.0,1
1,11,241,2021,2.0,2
0,9,274,2021,101.0,2
0,9,200,2021,140.0,2
0,8,323,2016,89.0,2
0,11,319,2021,81.0,2
1,13,422,2021,1.0,1
0,11,329,2020,116.0,2
1,11,292,2021,1.0,2
0,11,212,2021,99.0,2
0,11,332,2021,107.0,2
1,11,498,2021,1.0,1
1,11,454,2021,3.0,1
0,11,332,2021,107.0,2
0,14,125,2021,90.0,0
1,11,484,2021,2.0,1
1,11,412,2021,1.0,1
0,11,200,2018,104.0,2
1,9,419,2020,1.0,1
0,11,353,2020,100.0,2
0,9,185,2021,32.0,2
0,8,344,2021,102.0,2
1,11,91,2021,4.0,0
0,8,361,2004,105.0,2
0,11,319,2018,107.0,2
0,9,283,2020,64.0,2
0,11,319,2021,99.0,2
0,9,332,2021,102.0,2
1,9,487,2021,1.0,1
1,9,393,2021,1.0,1
0,9,200,2020,126.0,2
0,11,326,2020,119.0,2
1,9,291,2021,1.0,2
0,12,363,2019,86.0,2
1,9,412,2021,1.0,1
0,11,332,2021,122.0,2
0,8,0,2017,95.0,0
0,9,39,2021,104.0,0
0,11,326,1999,118.0,2
0,11,274,2020,85.0,2
1,11,486,2021,1.0,1
0,9,319,2021,98.0,2
0,11,309,2021,99.0,2
1,14,433,2017,2.0,1
0,9,185,2021,35.0,2
0,12,329,2020,107.0,2
0,11,274,2017,97.0,2
0,11,332,2020,112.0,2
0,8,0,2013,118.0,0
0,11,275,2019,109.0,2
1,12,446,2021,1.0,1
1,11,234,2021,1.0,2
1,12,498,2020,2.0,1
1,11,262,2018,3.0,2
0,11,325,2018,109.0,2
1,13,422,2021,2.0,1
0,6,125,2020,88.0,0
1,13,110,2010,2.0,0
0,8,36,2006,97.0,0
1,13,422,2010,2.0,1
0,7,63,1989,97.0,0
0,8,44,2017,99.0,0
0,8,20,2010,95.0,0
0,7,185,2005,91.0,2
0,8,0,2010,115.0,0
0,3,138,2009,93.0,0
0,8,318,2018,109.0,2
0,6,125,2012,96.0,0
1,14,422,2020,1.0,1
0,14,125,2017,78.0,0
0,14,131,2019,87.0,0
0,14,148,2013,76.0,0
0,14,125,2014,76.0,0
0,14,125,2013,71.0,0
0,8,344,2003,138.0,2
0,7,42,2008,113.0,0
0,11,0,2018,94.0,0
0,11,326,2020,89.0,2
0,7,60,1994,121.0,0
0,7,344,2009,127.0,2
0,9,185,2018,94.0,2
0,7,60,2011,89.0,0
0,7,330,2009,136.0,2
0,8,230,2002,89.0,2
0,8,20,2000,99.0,0
0,8,344,2016,93.0,2
0,12,125,2018,85.0,0
0,8,0,1992,102.0,0
0,8,215,2008,101.0,2
1,12,446,2021,1.0,1
0,9,326,2019,113.0,2
0,11,319,2021,128.0,2
1,11,241,2021,1.0,2
0,6,125,2021,114.0,0
0,8,345,2018,85.0,2
1,11,399,2021,2.0,1
0,11,359,2021,121.0,2
1,11,80,2021,1.0,0
0,11,217,2021,95.0,2
1,10,300,2021,1.0,2
1,11,410,2021,1.0,1
0,8,309,2014,121.0,2
0,7,60,2011,116.0,0
0,8,513,2018,91.0,1
1,11,416,2021,1.0,1
0,12,326,2020,149.0,2
0,9,319,2019,113.0,2
0,9,22,2021,33.0,0
0,9,217,2017,127.0,2
0,9,217,2016,101.0,2
0,11,220,2014,102.0,2
0,11,217,2013,102.0,2
0,11,217,2015,107.0,2
0,11,25,2004,123.0,0
0,9,200,2015,98.0,2
0,11,283,2021,95.0,2
0,11,217,2015,101.0,2
0,11,220,2015,104.0,2
0,9,220,2016,104.0,2
0,11,217,2019,103.0,2
1,9,393,2021,1.0,1
0,11,217,2017,111.0,2
0,11,217,2015,102.0,2
0,10,319,2020,15.0,2
0,10,366,2020,54.0,1
1,9,482,2021,1.0,1
0,9,329,2020,120.0,2
0,11,200,2001,106.0,2
0,11,353,2021,116.0,2
1,12,100,2021,1.0,0
0,9,281,2021,58.0,2
0,11,332,2021,116.0,2
0,11,52,2020,126.0,0
0,9,332,2015,86.0,2
0,11,217,2021,97.0,2
1,11,410,2021,1.0,1
1,13,422,2021,2.0,1
0,13,125,2013,76.0,0
0,14,125,2018,80.0,0
0,13,125,2017,81.0,0
0,13,121,2019,84.0,0
0,14,121,2020,87.0,0
0,14,121,2019,91.0,0
0,9,274,2014,76.0,2
1,11,400,2021,2.0,1
0,8,513,2016,132.0,1
1,13,422,2019,3.0,1
0,8,309,1992,126.0,2
0,11,25,2011,101.0,0
0,11,326,2010,102.0,2
0,9,219,2008,147.0,2
0,6,328,2001,224.0,2
0,9,281,2004,141.0,2
0,11,199,2010,109.0,2
0,6,326,2007,162.0,2
0,11,319,2021,142.0,2
0,14,131,2021,93.0,0
1,14,86,2021,1.0,0
0,13,121,2021,60.0,0
0,8,356,2015,119.0,2
0,9,185,2021,37.0,2
0,11,326,2013,96.0,2
0,11,127,2020,116.0,0
0,9,329,2020,102.0,2
1,9,402,2021,1.0,1
0,8,39,2013,123.0,0
0,8,513,2020,102.0,1
0,7,309,2017,127.0,2
0,9,60,2017,88.0,0
0,9,200,2021,106.0,2
1,12,393,2016,1.0,1
0,11,288,2020,65.0,2
1,11,77,2016,1.0,0
0,11,4,2016,96.0,0
1,12,291,2019,1.0,2
1,9,461,2006,7.0,1
1,11,84,2021,1.0,0
1,9,446,2020,1.0,1
0,9,513,2019,88.0,1
1,9,412,2018,1.0,1
1,13,422,2020,3.0,1
1,13,110,2019,1.0,0
0,11,327,2021,143.0,2
1,14,86,2003,2.0,0
0,8,318,2012,137.0,2
0,11,288,2014,75.0,2
0,9,283,2020,71.0,2
0,8,268,1981,103.0,2
1,12,412,2015,1.0,1
1,9,487,2021,1.0,1
1,11,109,2021,1.0,0
1,11,505,2018,6.0,1
1,9,447,2020,1.0,1
1,11,234,2020,1.0,2
1,9,244,2021,1.0,2
1,11,488,2019,1.0,1
1,11,238,2016,1.0,2
1,11,508,2019,3.0,1
0,11,332,2021,130.0,2
1,11,417,2020,1.0,1
1,11,300,2019,1.0,2
0,9,329,2020,145.0,2
0,11,274,2021,84.0,2
0,14,148,2017,84.0,0
0,14,131,2018,77.0,0
0,14,148,2018,86.0,0
0,14,121,2019,79.0,0
1,12,291,2021,1.0,2
0,14,121,2018,80.0,0
0,14,121,2019,81.0,0
0,13,121,2017,78.0,0
1,12,461,2020,1.0,1
0,9,5,2021,118.0,0
1,10,433,2018,4.0,1
1,9,385,2021,1.0,1
0,8,185,2020,102.0,2
1,9,81,2020,1.0,0
0,11,326,2021,132.0,2
0,11,332,2016,108.0,2
0,9,209,2021,133.0,2
0,7,20,2021,107.0,0
0,11,309,2021,32.0,2
0,12,329,2020,78.0,2
1,11,80,2021,1.0,0
0,12,288,2021,55.0,2
1,9,386,2021,2.0,1
1,11,447,2021,1.0,1
1,11,237,2021,1.0,2
0,14,125,2021,92.0,0
0,11,274,2020,86.0,2
0,9,200,2021,140.0,2
0,11,326,2020,143.0,2
0,11,359,2020,88.0,2
0,6,133,2013,89.0,0
0,7,185,2006,93.0,2
0,8,39,2018,97.0,0
0,13,127,2012,94.0,0
0,8,318,2021,112.0,2
0,8,0,2019,100.0,0
0,11,312,2018,120.0,2
0,11,375,2021,91.0,2
0,11,220,2021,98.0,2
0,11,326,2021,113.0,2
0,7,230,2008,98.0,2
0,6,125,2017,91.0,0
0,7,60,2009,158.0,0
0,7,200,2009,164.0,2
0,12,222,2012,133.0,2
1,12,292,2020,1.0,2
0,12,281,2019,75.0,2
0,7,359,2010,103.0,2
0,8,44,2015,90.0,0
0,7,60,2016,116.0,0
0,7,230,2001,96.0,2
0,9,326,2020,121.0,2
1,10,294,2021,2.0,2
0,8,0,1996,101.0,0
1,11,96,2017,2.0,0
0,3,183,1964,173.0,2
1,11,453,2021,2.0,1
0,8,52,2017,89.0,0
1,12,100,2016,2.0,0
0,9,39,2017,182.0,0
0,9,39,2017,181.0,0
0,9,39,2017,185.0,0
0,8,0,2016,99.0,0
0,8,60,2017,88.0,0
0,7,0,2010,107.0,0
0,9,329,2021,114.0,2
0,12,53,2019,96.0,0
0,8,319,2002,149.0,2
0,7,359,2009,102.0,2
0,8,0,1999,83.0,0
0,9,332,2016,98.0,2
0,11,274,2017,83.0,2
1,11,297,2021,1.0,2
0,7,230,2008,104.0,2
0,7,309,2018,111.0,2
1,9,387,2021,1.0,1
0,11,284,2020,98.0,2
1,13,423,2015,2.0,1
1,14,86,2005,1.0,0
0,12,274,2021,93.0,2
0,13,121,2021,73.0,0
1,13,422,2020,1.0,1
0,7,326,2013,141.0,2
0,8,309,2012,116.0,2
0,12,281,2021,21.0,2
0,12,146,2021,98.0,0
0,11,185,2021,87.0,2
1,10,422,2013,4.0,1
0,11,326,2018,87.0,2
0,11,325,1998,95.0,2
0,12,274,2020,87.0,2
0,9,326,2020,93.0,2
1,11,387,2021,1.0,1
0,11,217,2020,97.0,2
0,12,200,2021,114.0,2
1,9,97,2021,1.0,0
0,9,329,2021,100.0,2
1,11,75,2021,1.0,0
1,14,422,2021,1.0,1
0,14,125,2021,105.0,0
0,9,274,2021,90.0,2
0,11,470,2021,60.0,1
1,9,380,2021,6.0,1
1,9,412,2021,1.0,1
0,7,319,2013,98.0,2
0,11,326,2020,108.0,2
0,11,350,2020,90.0,2
0,8,0,2020,102.0,0
1,14,422,2010,4.0,1
1,14,433,2021,2.0,1
1,12,487,2021,1.0,1
1,11,291,2021,3.0,2
0,10,366,2020,84.0,2
0,9,52,2021,120.0,0
0,11,220,2020,106.0,2
1,11,77,2021,2.0,0
0,8,513,2021,115.0,1
0,9,25,2021,98.0,0
0,10,470,2021,60.0,1
0,8,0,2020,113.0,0
0,7,470,2014,101.0,1
0,11,326,2020,24.0,2
0,12,283,2020,51.0,2
0,9,332,2017,80.0,2
0,8,274,2021,100.0,2
1,9,235,2021,1.0,2
0,7,335,2014,139.0,2
0,11,470,2021,74.0,1
0,8,344,2012,131.0,2
1,13,422,2021,1.0,1
1,9,243,2021,1.0,2
0,9,329,2021,131.0,2
0,6,138,2016,118.0,0
0,9,274,2020,87.0,2
1,11,301,2021,1.0,2
1,10,112,2021,1.0,0
0,9,274,2020,101.0,2
0,11,217,2015,97.0,2
0,10,200,2020,92.0,2
1,11,379,2021,2.0,1
0,9,326,2015,136.0,2
0,11,326,2021,97.0,2
1,11,487,2021,3.0,1
0,11,328,2020,103.0,2
0,11,220,2010,110.0,2
0,11,220,2013,105.0,2
1,11,97,2021,1.0,0
0,6,125,2021,90.0,0
0,12,199,2016,107.0,2
0,11,319,2021,92.0,2
0,9,326,2020,94.0,2
0,11,346,2020,99.0,2
1,11,242,2021,1.0,2
1,11,291,2021,1.0,2
1,10,447,2021,1.0,1
1,9,292,2021,1.0,2
1,11,412,2021,1.0,1
0,7,319,2021,97.0,2
1,9,412,2015,1.0,1
0,9,199,2021,151.0,2
1,14,422,2021,1.0,1
0,11,200,2021,108.0,2
0,9,217,2020,113.0,2
1,11,295,2021,1.0,2
1,14,87,2021,4.0,0
0,11,39,2021,81.0,0
0,9,220,2020,116.0,2
1,9,75,2021,1.0,0
0,8,0,2013,119.0,0
0,7,337,2013,116.0,2
0,7,202,2021,112.0,2
1,9,234,2021,1.0,2
0,7,309,2014,121.0,2
0,9,25,2020,115.0,0
1,13,422,2021,5.0,1
1,11,151,2019,1.0,0
0,12,39,2009,182.0,0
0,8,288,2021,98.0,2
0,11,470,2021,96.0,1
0,10,283,2021,42.0,2
0,7,17,1990,181.0,0
0,9,217,2018,100.0,2
0,13,125,2019,22.0,0
0,8,174,1988,134.0,0
0,9,39,2011,177.0,0
0,8,192,2006,94.0,2
1,9,80,2011,1.0,0
0,14,125,2021,88.0,0
0,8,199,2016,119.0,2
0,11,220,2021,107.0,2
0,11,319,2006,112.0,2
0,11,197,2021,35.0,2
0,8,0,2015,103.0,0
0,8,199,2011,90.0,2
0,11,375,2021,120.0,2
0,11,319,2008,97.0,2
0,11,375,2014,102.0,2
1,11,241,2019,1.0,2
0,12,329,2021,106.0,2
1,11,400,2018,3.0,1
1,11,400,2018,1.0,1
1,11,292,2021,1.0,2
0,9,375,2020,119.0,2
1,12,446,2021,1.0,1
1,9,461,2021,1.0,1
0,11,326,2019,84.0,2
1,9,510,2021,2.0,1
0,10,470,2021,58.0,1
0,9,281,2020,90.0,2
0,9,284,2021,109.0,2
0,9,326,2021,143.0,2
1,11,412,2020,1.0,1
0,8,359,2013,112.0,2
0,8,345,2016,134.0,2
1,9,410,2021,1.0,1
0,11,199,2020,123.0,2
0,9,197,2021,36.0,2
0,7,344,2018,123.0,2
0,10,283,2020,58.0,2
0,8,226,2021,118.0,2
0,9,319,2020,91.0,2
0,12,281,2017,76.0,2
1,11,412,2021,1.0,1
1,11,405,2021,1.0,1
0,11,199,2019,97.0,2
1,9,393,2021,1.0,1
0,9,345,2018,85.0,2
1,9,405,2021,1.0,1
1,11,80,2021,1.0,0
1,11,291,2021,1.0,2
1,11,109,2021,1.0,0
1,9,298,2021,4.0,2
0,12,274,2018,92.0,2
0,12,121,2021,139.0,0
0,9,22,2002,162.0,0
1,11,260,2020,3.0,2
0,6,127,2017,92.0,0
1,14,433,2021,4.0,1
0,9,513,2018,86.0,1
1,9,487,2021,1.0,1
0,9,200,2021,107.0,2
0,11,320,2020,85.0,2
1,9,446,2021,1.0,1
1,11,487,2005,2.0,1
0,11,470,2021,83.0,1
0,11,329,2019,104.0,2
1,10,104,2021,1.0,0
0,9,230,2021,116.0,2
0,14,121,2021,87.0,0
1,11,244,2019,1.0,2
1,11,252,2016,1.0,2
0,9,200,2018,91.0,2
0,9,329,2020,119.0,2
0,8,322,2012,102.0,2
0,11,375,2021,86.0,1
0,9,220,2021,102.0,2
0,11,288,2008,98.0,2
1,11,234,2021,1.0,2
0,11,217,2021,99.0,2
0,6,337,2019,108.0,2
1,11,512,1945,1.0,1
1,10,433,2008,2.0,1
0,8,197,2016,114.0,2
0,9,52,2020,104.0,0
1,11,264,2020,3.0,2
0,11,470,2017,88.0,1
0,12,319,2017,104.0,2
1,11,241,2021,2.0,2
1,11,244,2021,1.0,2
0,9,326,2020,123.0,2
0,8,318,2021,106.0,2
0,11,39,2021,138.0,0
0,8,274,2021,113.0,2
0,11,329,2020,107.0,2
0,9,52,2021,133.0,0
0,11,200,2020,97.0,2
0,11,52,2020,116.0,0
1,11,462,2021,1.0,1
1,11,241,2012,1.0,2
1,14,422,2018,2.0,1
0,12,312,2020,123.0,2
1,11,472,2021,2.0,1
0,7,20,1997,89.0,0
1,9,498,2019,13.0,1
1,9,465,2018,1.0,1
1,9,497,2018,1.0,1
0,11,309,2019,93.0,2
0,8,513,2010,139.0,1
0,8,332,2008,112.0,2
1,11,393,2020,1.0,1
1,9,510,2019,1.0,1
1,12,433,2015,7.0,1
1,9,464,2019,2.0,1
0,6,149,2005,101.0,0
1,14,433,2019,2.0,1
0,7,310,2020,113.0,2
0,8,345,2018,89.0,2
0,11,52,2021,107.0,0
0,6,125,2021,123.0,0
0,7,326,2021,113.0,2
1,9,291,2021,1.0,2
0,12,141,2021,90.0,0
1,11,416,2021,1.0,1
0,9,284,2021,52.0,2
1,11,488,2021,2.0,1
0,11,199,2020,127.0,2
1,11,459,2018,4.0,1
0,9,138,2021,95.0,0
0,9,326,2018,121.0,2
1,13,422,2021,1.0,1
0,9,220,2019,108.0,2
0,12,329,2019,102.0,2
1,9,385,2021,2.0,1
1,9,238,2021,3.0,2
1,9,80,2019,1.0,0
0,11,218,2020,95.0,2
0,7,344,2010,133.0,2
0,8,309,2021,127.0,2
0,8,185,2020,95.0,2
0,8,309,2020,101.0,2
0,8,309,2020,123.0,2
1,11,399,2021,1.0,1
0,9,513,2020,89.0,1
1,11,300,2021,1.0,2
1,13,422,2021,4.0,1
0,8,0,2013,100.0,0
0,7,341,2016,108.0,2
0,8,345,2020,94.0,2
0,9,318,2018,103.0,2
1,11,446,2021,1.0,1
1,14,440,2021,4.0,1
1,9,478,2021,3.0,1
0,10,127,2020,105.0,0
1,10,433,2016,3.0,1
0,8,0,2021,116.0,0
0,6,125,2014,92.0,0
0,13,121,2019,65.0,0
1,11,502,2020,5.0,1
0,8,513,2020,115.0,1
0,11,326,2021,96.0,2
0,9,274,2021,32.0,2
0,12,327,2021,102.0,2
0,11,326,2011,102.0,2
0,9,200,2020,101.0,2
0,8,344,2017,71.0,2
1,11,234,2021,1.0,2
0,11,375,2019,81.0,1
0,11,470,2021,98.0,1
1,11,116,2020,4.0,0
0,11,274,2021,90.0,2
0,8,200,2011,112.0,2
0,9,326,2005,161.0,2
0,9,220,2005,129.0,2
0,14,125,2021,85.0,0
0,9,274,2021,14.0,2
0,11,326,2003,148.0,2
1,11,96,2021,5.0,0
0,11,319,2018,99.0,2
1,13,433,2021,1.0,1
1,9,291,2021,1.0,2
0,11,200,2021,97.0,2
1,9,82,2021,2.0,0
0,9,326,2020,101.0,2
0,6,125,2016,89.0,0
0,8,309,2020,128.0,2
0,11,283,2021,76.0,2
1,11,297,2021,1.0,2
0,9,284,2020,99.0,2
1,11,306,2021,1.0,2
1,12,387,2021,3.0,1
0,9,25,1999,126.0,0
1,10,292,2020,1.0,2
1,9,291,2019,1.0,2
0,7,231,2012,106.0,2
0,9,25,2020,101.0,0
0,11,185,2014,87.0,2
0,8,359,2009,111.0,2
1,9,476,2021,3.0,1
1,10,446,2021,2.0,1
0,8,470,1987,90.0,1
0,13,144,2020,91.0,0
0,7,318,2013,101.0,2
0,6,125,1997,96.0,0
0,7,274,2009,96.0,2
1,10,300,2021,1.0,2
0,8,38,2007,148.0,0
1,11,468,2017,1.0,1
0,8,0,2017,96.0,0
0,7,185,2011,98.0,2
1,11,400,2021,2.0,1
0,8,199,1988,104.0,2
1,14,433,2020,1.0,1
1,13,422,2014,1.0,1
0,9,274,2019,53.0,2
1,10,435,2013,2.0,1
0,9,274,2021,54.0,2
0,7,64,2011,113.0,0
0,11,217,2021,102.0,2
0,7,175,1993,118.0,0
0,11,333,2017,83.0,2
0,11,470,2020,77.0,1
0,9,200,2014,116.0,2
1,9,507,2020,4.0,1
0,12,37,2020,116.0,0
0,9,200,2019,106.0,2
1,10,446,2020,1.0,1
1,11,265,2019,1.0,2
1,11,421,2020,1.0,1
1,11,235,2020,1.0,2
1,9,93,2018,9.0,0
0,11,350,2020,105.0,2
1,14,75,2020,1.0,0
1,12,393,2020,1.0,1
0,7,309,2020,8.0,2
0,6,125,2011,110.0,0
0,11,185,2020,71.0,2
1,11,244,2019,1.0,2
0,11,326,2020,91.0,2
1,12,292,2020,2.0,2
0,13,121,2020,46.0,0
0,11,200,2020,109.0,2
1,11,462,2020,1.0,1
0,10,369,2019,102.0,2
0,6,125,2020,101.0,0
0,11,200,2019,94.0,2
0,10,141,2018,110.0,0
0,9,329,2019,117.0,2
0,9,24,2012,85.0,0
0,7,309,2020,119.0,2
0,11,327,2020,115.0,2
0,8,337,2020,105.0,2
0,11,470,2020,68.0,1
1,9,393,2020,1.0,1
0,9,443,2020,57.0,1
1,13,422,2020,1.0,1
1,13,111,2016,2.0,0
0,13,125,2020,28.0,0
1,13,110,2010,1.0,0
0,11,288,2020,98.0,2
0,8,185,2018,95.0,2
0,9,217,2019,96.0,2
0,11,470,2020,66.0,1
0,7,309,2012,112.0,2
1,11,244,2019,1.0,2
0,8,185,2020,84.0,2
1,11,393,2020,2.0,1
0,8,335,2020,94.0,2
0,12,288,2020,32.0,2
0,12,127,2006,98.0,0
1,11,412,2020,1.0,1
0,12,319,2004,85.0,2
0,9,329,2009,120.0,2
0,9,200,2020,83.0,2
0,8,0,2018,94.0,0
0,9,329,2019,102.0,2
0,9,220,2017,111.0,2
1,13,110,2020,2.0,0
1,11,393,2020,1.0,1
0,9,369,2019,90.0,2
1,11,472,2020,1.0,1
0,12,329,2019,111.0,2
1,11,292,2020,1.0,2
1,11,304,2020,1.0,2
0,11,327,2012,110.0,2
1,11,410,2020,1.0,1
0,7,359,2016,87.0,2
0,7,309,2013,132.0,2
1,9,80,2011,1.0,0
1,9,80,2011,1.0,0
0,8,344,2016,117.0,2
1,11,96,2020,1.0,0
0,11,470,2020,50.0,1
1,9,446,2014,2.0,1
0,8,324,2018,106.0,2
1,13,433,2020,2.0,1
1,11,291,2020,2.0,2
1,9,446,2011,2.0,1
1,9,446,2006,2.0,1
0,9,318,2019,125.0,2
0,7,230,2020,107.0,2
1,14,422,2021,2.0,1
1,11,501,2020,1.0,1
0,11,185,2020,59.0,2
1,9,416,2020,1.0,1
1,13,433,2018,2.0,1
0,13,121,2020,28.0,0
0,3,138,2020,9.0,0
0,7,274,2020,91.0,2
1,11,400,2020,1.0,1
0,7,225,2020,132.0,2
0,11,331,2020,133.0,2
1,11,407,2020,1.0,1
0,11,333,2020,109.0,2
1,9,244,2020,1.0,2
0,10,369,2016,107.0,2
0,9,329,2013,111.0,2
0,11,218,2019,108.0,2
0,11,319,2019,105.0,2
1,9,409,2013,4.0,1
1,9,394,2019,1.0,1
0,9,200,2020,119.0,2
1,10,433,2020,2.0,1
1,12,436,2020,3.0,1
1,9,300,2020,1.0,2
0,12,281,2020,104.0,2
0,6,125,2020,83.0,0
0,11,283,2020,90.0,2
1,12,394,2019,1.0,1
1,9,497,2020,3.0,1
0,14,121,2020,79.0,0
0,13,121,2020,24.0,0
0,8,344,2016,115.0,2
1,9,394,2018,1.0,1
0,8,36,2020,97.0,0
1,9,264,2020,1.0,2
1,11,235,2020,1.0,2
1,11,413,2020,1.0,1
0,13,121,2020,26.0,0
1,11,393,2020,1.0,1
1,11,487,2020,4.0,1
0,14,125,2020,46.0,0
0,11,223,2020,106.0,2
1,11,244,2020,1.0,2
0,11,217,2020,113.0,2
0,8,318,2020,133.0,2
1,11,114,2020,3.0,0
0,12,138,2020,93.0,0
0,9,329,2019,108.0,2
0,11,200,2018,96.0,2
0,13,121,2020,25.0,0
0,11,217,2020,101.0,2
0,9,200,2013,106.0,2
1,12,100,2020,1.0,0
0,11,470,2020,54.0,1
1,9,410,2020,2.0,1
0,11,200,2020,118.0,2
0,11,470,2020,58.0,1
0,7,0,2014,117.0,0
0,13,121,2020,48.0,0
0,7,513,2009,139.0,1
1,9,446,2014,2.0,1
0,8,211,2014,115.0,2
0,7,329,2014,109.0,2
1,13,422,2018,1.0,1
1,9,446,2012,2.0,1
0,6,125,2006,91.0,0
0,11,185,2020,60.0,2
1,13,110,2015,4.0,0
1,13,433,2017,1.0,1
0,8,0,2018,102.0,0
0,7,0,1990,120.0,0
1,11,158,2006,10.0,0
1,9,447,2010,1.0,1
0,7,513,2006,149.0,1
1,9,418,2018,1.0,1
0,8,20,2018,91.0,0
1,12,291,2020,1.0,2
1,12,114,2018,1.0,0
0,11,350,2020,99.0,2
0,12,326,2020,106.0,2
0,8,513,2018,108.0,1
0,13,121,2019,45.0,0
0,11,0,2020,93.0,0
1,9,405,2020,1.0,1
0,13,121,2020,22.0,0
0,12,135,2020,81.0,0
0,11,350,2020,98.0,2
1,11,385,2020,1.0,1
1,9,417,1999,7.0,1
1,11,393,2020,1.0,1
1,9,446,2020,2.0,1
0,11,52,2020,100.0,0
0,11,375,2020,112.0,2
0,12,218,2018,114.0,2
0,9,470,2020,68.0,1
0,11,39,2020,103.0,0
0,9,220,2017,121.0,2
0,8,345,2020,95.0,2
1,11,77,2020,2.0,0
0,12,443,2020,87.0,1
0,6,125,2020,115.0,0
0,9,353,2020,171.0,2
0,9,353,2020,171.0,2
1,11,393,2015,1.0,1
0,13,125,2020,46.0,0
0,8,309,2020,117.0,2
0,11,326,2020,84.0,2
1,9,410,2020,1.0,1
0,8,0,2020,98.0,0
0,11,288,2020,83.0,2
1,11,394,2017,1.0,1
0,9,25,2018,97.0,0
0,12,148,2020,99.0,0
0,8,0,2013,108.0,0
0,9,375,2019,93.0,2
0,13,121,2020,42.0,0
1,10,292,2020,3.0,2
1,9,412,2019,1.0,1
0,6,309,2020,13.0,2
1,11,393,2020,1.0,1
0,12,125,2020,64.0,0
1,12,297,2020,1.0,2
0,11,326,2004,162.0,2
0,9,25,2011,130.0,0
0,9,219,2010,108.0,2
0,9,329,2015,129.0,2
0,9,369,2010,105.0,2
0,11,375,2016,133.0,2
0,9,39,2011,142.0,0
0,9,332,2016,128.0,2
0,10,127,2020,97.0,0
0,10,200,2018,107.0,2
0,9,217,2009,135.0,2
1,10,446,2020,1.0,1
0,12,326,2020,84.0,2
0,11,470,2020,70.0,1
1,14,433,2020,4.0,1
1,11,297,2020,1.0,2
0,7,337,2016,124.0,2
0,8,274,2017,102.0,2
0,10,444,2017,84.0,1
1,9,446,2013,2.0,1
1,13,86,2019,1.0,0
0,6,125,2013,95.0,0
0,10,456,2018,84.0,1
1,13,422,2021,2.0,1
1,9,446,2014,2.0,1
1,11,109,2020,4.0,0
0,10,123,1954,120.0,0
0,9,513,2019,87.0,1
1,11,508,2019,9.0,1
0,14,125,2020,75.0,0
0,6,148,2020,124.0,0
0,12,281,2020,92.0,2
0,7,326,2020,95.0,2
1,11,241,2020,1.0,2
0,10,369,2008,107.0,2
1,11,412,2020,1.0,1
0,11,329,2018,123.0,2
0,8,318,2013,85.0,2
1,11,244,2020,1.0,2
0,11,200,2020,150.0,2
0,11,327,2019,97.0,2
0,7,345,2008,88.0,2
1,9,385,2020,1.0,1
1,11,487,2020,1.0,1
1,11,479,2020,1.0,1
1,11,234,2020,1.0,2
0,9,281,1979,74.0,2
0,11,326,2020,93.0,2
1,9,512,2006,1.0,1
1,9,461,2020,1.0,1
1,14,86,2020,1.0,0
1,12,86,2018,1.0,0
0,11,326,2020,151.0,2
1,12,446,2020,1.0,1
0,11,326,2020,82.0,2
0,11,319,2019,148.0,2
0,8,185,2016,95.0,2
1,11,410,2018,1.0,1
0,11,334,2020,90.0,2
0,9,329,2019,103.0,2
1,9,235,2020,1.0,2
0,10,230,2020,87.0,2
0,9,329,2012,102.0,2
0,10,132,2020,96.0,0
1,9,413,2020,1.0,1
0,10,337,2018,87.0,2
0,12,203,2018,86.0,2
1,11,393,2020,1.0,1
0,12,326,2020,136.0,2
0,11,470,2020,60.0,1
0,9,326,2020,127.0,2
0,12,281,2016,96.0,2
0,12,274,2020,15.0,2
1,11,410,2020,2.0,1
0,8,467,2018,100.0,1
1,11,446,2019,1.0,1
0,12,125,2019,87.0,0
1,9,464,2002,6.0,1
0,13,121,2020,28.0,0
0,13,121,2020,27.0,0
0,6,121,2018,90.0,0
1,9,446,2019,1.0,1
1,9,291,2018,3.0,2
1,13,422,2019,1.0,1
1,13,422,2018,1.0,1
1,14,422,2020,2.0,1
1,14,422,2019,10.0,1
1,13,433,2019,1.0,1
0,6,125,1989,102.0,0
0,8,0,2018,94.0,0
0,8,325,2018,81.0,2
0,8,344,2016,134.0,2
1,13,433,2018,4.0,1
1,11,244,2020,1.0,2
0,7,309,2012,114.0,2
0,6,42,1994,107.0,0
1,9,238,2018,2.0,2
0,8,233,2020,107.0,2
1,12,292,2017,1.0,2
0,11,39,2018,130.0,0
1,12,385,2019,1.0,1
0,9,325,2019,87.0,2
0,9,346,2020,93.0,2
0,9,326,2017,114.0,2
0,9,350,2020,91.0,2
1,13,423,2020,2.0,1
1,9,486,2020,7.0,1
0,11,332,2020,116.0,2
1,9,297,2020,4.0,2
1,11,244,2020,3.0,2
0,11,350,2020,93.0,2
0,9,350,2013,106.0,2
0,11,230,2020,105.0,2
0,9,364,2016,50.0,1
0,8,443,2013,93.0,1
0,11,350,2020,103.0,2
0,12,274,2020,114.0,2
1,11,75,2020,1.0,0
1,13,422,2020,4.0,1
0,9,284,2020,95.0,2
0,11,185,2020,50.0,2
1,9,395,2020,1.0,1
0,9,219,2009,150.0,2
0,8,38,2018,100.0,0
0,11,335,2019,117.0,2
0,11,218,2019,87.0,2
1,11,405,2020,1.0,1
1,11,292,2020,1.0,2
0,6,148,2020,100.0,0
0,9,344,2018,86.0,2
1,11,241,2020,1.0,2
1,11,498,2020,1.0,1
0,11,274,2017,102.0,2
0,11,350,2020,87.0,2
0,11,329,2018,103.0,2
0,7,202,2019,112.0,2
0,9,329,2018,120.0,2
0,8,318,2018,111.0,2
0,8,199,2020,78.0,2
0,12,281,2020,51.0,2
1,11,471,2020,3.0,1
0,7,340,2020,123.0,2
0,13,121,2020,46.0,0
0,7,44,2020,102.0,0
0,9,176,1975,106.0,0
0,9,328,2005,112.0,2
0,11,200,2013,101.0,2
0,9,281,2014,96.0,2
0,11,319,2017,103.0,2
0,11,175,1991,94.0,0
0,11,281,2017,69.0,2
0,11,326,2012,81.0,2
0,11,329,2003,76.0,2
0,9,319,1982,108.0,2
0,11,319,2007,94.0,2
1,11,234,2020,2.0,2
0,11,326,1999,106.0,2
0,9,220,2018,98.0,2
0,9,281,1980,93.0,2
0,11,326,2005,99.0,2
0,6,125,2012,93.0,0
1,9,393,2020,1.0,1
0,8,0,2020,82.0,0
0,11,220,2018,107.0,2
1,11,506,2020,1.0,1
0,8,0,2016,104.0,0
1,11,405,2020,1.0,1
1,11,241,2020,1.0,2
1,14,433,2020,3.0,1
0,8,309,2020,130.0,2
0,8,359,2014,83.0,2
0,12,121,2020,99.0,0
0,8,0,2016,77.0,0
0,9,25,2018,94.0,0
1,13,110,2018,4.0,0
1,9,487,2005,4.0,1
0,12,326,2017,118.0,2
0,9,329,2020,87.0,2
1,9,497,2006,5.0,1
1,14,422,2020,2.0,1
0,12,281,2020,42.0,2
1,11,488,2020,1.0,1
0,9,54,2020,101.0,0
0,9,288,2020,80.0,2
0,11,281,2020,110.0,2
0,9,371,2004,117.0,2
0,13,121,2020,47.0,0
1,11,452,2020,1.0,1
0,9,200,1990,165.0,2
0,9,267,1982,134.0,2
0,11,220,2015,140.0,2
1,14,433,2020,3.0,1
0,9,217,2006,150.0,2
0,9,326,2002,156.0,2
0,11,345,2017,86.0,2
1,11,291,2020,1.0,2
0,11,220,2020,126.0,2
0,11,217,2018,100.0,2
0,13,121,2020,25.0,0
0,8,199,2020,124.0,2
1,11,499,2020,1.0,1
0,11,283,2020,100.0,2
1,9,393,2020,1.0,1
0,11,326,2004,106.0,2
1,9,244,2020,1.0,2
1,11,482,2020,7.0,1
0,7,207,2020,104.0,2
1,11,414,2020,1.0,1
0,8,185,2020,96.0,2
0,9,288,2019,90.0,2
0,13,121,2020,33.0,0
0,9,337,2017,81.0,2
1,9,100,2020,1.0,0
0,6,274,2020,84.0,2
0,11,285,2020,44.0,2
0,9,331,2018,115.0,2
1,13,422,2016,1.0,1
1,13,422,2017,1.0,1
0,9,220,2016,94.0,2
0,13,121,2020,22.0,0
1,12,433,2005,1.0,1
1,11,461,2020,1.0,1
1,12,437,2009,3.0,1
0,11,326,2020,107.0,2
0,11,200,2020,115.0,2
0,11,353,2020,93.0,2
0,11,220,2017,107.0,2
0,7,207,2020,86.0,2
0,11,220,2020,112.0,2
0,12,25,2020,102.0,0
0,8,344,2017,91.0,2
0,9,285,2019,83.0,2
0,11,39,2013,73.0,0
1,9,498,2019,1.0,1
1,11,394,2018,1.0,1
1,11,85,2016,2.0,0
0,8,36,2016,139.0,0
1,11,245,2020,1.0,2
0,9,274,2019,95.0,2
0,7,22,2016,101.0,0
0,11,281,2019,75.0,2
1,11,292,2018,1.0,2
1,11,412,2020,1.0,1
0,7,288,2005,87.0,2
1,11,391,2019,1.0,1
1,11,80,2018,3.0,0
0,12,220,2019,91.0,2
0,9,212,2020,120.0,2
0,8,36,2020,123.0,0
1,12,487,2003,5.0,1
1,9,488,2019,1.0,1
0,9,344,2018,95.0,2
1,11,241,2020,1.0,2
0,11,274,2020,84.0,2
0,12,326,2019,29.0,2
1,11,80,2010,3.0,0
1,12,487,2020,4.0,1
0,11,332,2018,28.0,2
0,8,333,2020,122.0,2
0,11,285,2020,28.0,2
1,11,262,2020,8.0,2
0,7,274,2012,98.0,2
0,11,470,2020,59.0,1
0,8,0,2020,80.0,0
0,7,283,2002,103.0,2
0,12,319,2013,104.0,2
0,9,200,2014,146.0,2
0,11,219,2008,135.0,2
0,12,219,2003,129.0,2
0,9,220,2009,115.0,2
0,9,219,2007,143.0,2
0,9,329,1999,173.0,2
0,9,332,2007,129.0,2
0,12,219,2007,149.0,2
1,12,291,2020,1.0,2
1,11,405,2019,4.0,1
1,9,487,2020,4.0,1
0,9,319,2015,98.0,2
1,9,235,2020,1.0,2
1,13,433,2020,3.0,1
0,11,326,2016,115.0,2
1,11,487,2020,1.0,1
1,11,414,2020,1.0,1
0,11,283,2019,44.0,2
0,7,61,2011,127.0,0
1,11,291,2020,4.0,2
0,7,11,2020,124.0,0
0,10,274,2020,85.0,2
1,11,291,2020,1.0,2
0,12,274,2020,20.0,2
0,12,326,2018,102.0,2
0,11,52,2016,129.0,0
0,11,52,2017,124.0,0
0,11,52,2017,118.0,0
0,11,52,2016,111.0,0
0,11,52,2019,125.0,0
0,11,52,2016,94.0,0
0,11,353,2019,130.0,2
0,9,217,2013,117.0,2
0,9,52,2015,137.0,0
1,13,433,2020,1.0,1
0,11,329,2013,139.0,2
0,9,217,2016,111.0,2
0,11,332,2014,103.0,2
0,11,319,2020,120.0,2
1,11,499,2020,1.0,1
1,10,446,2020,1.0,1
1,9,265,2019,7.0,2
0,9,220,2020,98.0,2
0,9,375,2014,130.0,2
1,11,80,2020,1.0,0
0,11,283,2020,96.0,2
0,13,125,2020,61.0,0
0,9,375,2014,137.0,2
0,11,318,2020,90.0,2
1,11,410,2020,1.0,1
1,11,417,2020,3.0,1
1,9,300,2020,1.0,2
1,11,97,2020,2.0,0
0,11,470,2018,69.0,1
1,11,244,2020,2.0,2
1,12,446,2020,1.0,1
0,8,344,2020,139.0,2
0,11,332,2020,94.0,2
0,8,52,2016,92.0,0
1,11,109,2020,9.0,0
0,12,281,2020,80.0,2
0,11,470,2020,63.0,1
0,8,322,2002,88.0,2
1,11,293,2020,2.0,2
0,6,125,2013,105.0,0
0,6,121,2020,93.0,0
0,11,328,2018,140.0,2
1,13,110,2020,2.0,0
0,9,127,2020,103.0,0
1,11,410,2020,2.0,1
1,9,487,2007,8.0,1
0,6,121,2014,102.0,0
0,14,125,2020,93.0,0
1,11,400,2020,1.0,1
1,11,108,2020,1.0,0
0,9,470,2014,69.0,1
0,9,332,2018,133.0,2
0,9,326,2018,157.0,2
0,9,326,2019,116.0,2
0,12,326,2019,112.0,2
0,12,200,2018,96.0,2
0,10,141,2017,127.0,0
1,9,498,2020,5.0,1
1,10,433,2020,1.0,1
0,11,329,2019,130.0,2
0,11,220,2018,93.0,2
0,9,200,2016,138.0,2
0,9,200,2016,138.0,2
0,10,121,2017,92.0,0
0,9,332,2018,110.0,2
0,11,207,2020,102.0,2
0,9,199,2020,113.0,2
0,11,326,2020,96.0,2
1,12,446,2020,1.0,1
1,11,235,2020,1.0,2
0,9,219,2020,108.0,2
0,7,274,2020,94.0,2
0,11,353,2020,99.0,2
1,9,394,2020,1.0,1
0,10,136,2020,86.0,0
0,11,319,2010,98.0,2
1,14,422,2020,2.0,1
0,6,274,2010,111.0,2
1,11,503,2017,1.0,1
0,8,309,2020,97.0,2
1,9,463,2020,1.0,1
0,8,318,2020,135.0,2
0,9,200,2019,93.0,2
1,14,422,2020,2.0,1
0,11,199,2019,94.0,2
0,9,220,2015,117.0,2
0,11,470,2020,63.0,1
0,12,319,2018,73.0,2
0,12,215,2020,91.0,2
1,11,244,2020,1.0,2
1,9,297,2020,1.0,2
0,11,319,2020,93.0,2
0,6,125,2009,101.0,0
0,10,283,2020,93.0,2
1,11,308,2020,1.0,2
0,7,40,2018,96.0,0
0,9,369,2016,112.0,2
0,13,148,2020,72.0,0
1,11,80,2017,2.0,0
1,13,422,2020,1.0,1
1,11,412,2012,3.0,1
0,12,69,2019,112.0,0
1,9,84,2016,1.0,0
0,9,5,2016,72.0,0
1,11,472,2020,1.0,1
1,11,409,2002,4.0,1
1,14,422,2020,1.0,1
0,6,125,2011,92.0,0
0,8,185,2008,109.0,2
1,12,497,1998,6.0,1
0,9,200,1998,155.0,2
0,11,284,2018,109.0,2
0,14,125,2020,115.0,0
0,11,331,2020,97.0,2
1,9,84,2019,1.0,0
0,6,125,2011,103.0,0
1,13,94,2020,2.0,0
0,13,121,2020,24.0,0
0,9,220,2020,110.0,2
0,11,0,2020,97.0,0
0,6,309,2020,94.0,2
1,11,96,2020,1.0,0
1,11,410,2020,1.0,1
0,11,52,2020,107.0,0
0,11,375,2020,97.0,2
1,9,80,2020,3.0,0
0,11,199,1998,103.0,2
0,11,353,2020,88.0,2
0,7,310,2016,111.0,2
1,11,400,2020,1.0,1
0,11,327,2019,94.0,2
0,11,274,2020,33.0,2
1,11,446,2020,1.0,1
0,7,284,2020,107.0,2
1,13,422,2020,1.0,1
1,11,506,2020,2.0,1
0,7,344,2016,110.0,2
1,11,115,2019,1.0,0
1,10,409,2013,1.0,1
0,9,332,2020,98.0,2
0,11,347,2020,81.0,2
1,11,487,2020,1.0,1
1,9,385,2020,3.0,1
0,12,9,2020,104.0,0
1,11,418,2020,1.0,1
0,12,285,2020,17.0,2
0,11,217,2019,121.0,2
0,9,326,2020,100.0,2
1,9,446,2020,1.0,1
1,9,300,2020,1.0,2
0,14,125,2020,70.0,0
0,8,185,2019,97.0,2
0,12,200,2017,75.0,2
0,12,200,2020,102.0,2
1,14,422,2020,2.0,1
0,12,278,2018,88.0,2
0,7,328,2012,158.0,2
0,7,60,2014,102.0,0
1,11,238,2020,2.0,2
1,12,394,2016,1.0,1
1,11,410,2020,5.0,1
1,9,412,2014,2.0,1
0,12,219,2009,203.0,2
1,11,415,2020,4.0,1
0,10,284,2020,59.0,2
0,14,125,2020,92.0,0
0,11,318,2018,104.0,2
0,13,121,2020,72.0,0
0,8,0,2020,113.0,0
1,11,260,2020,1.0,2
1,11,241,2020,1.0,2
1,14,432,2014,4.0,1
1,14,86,2018,1.0,0
0,11,200,2019,93.0,2
0,8,318,2016,119.0,2
0,11,325,2012,105.0,2
1,11,446,2020,1.0,1
0,9,39,2020,113.0,0
0,6,133,2014,93.0,0
0,11,470,2020,44.0,1
1,10,433,2020,1.0,1
1,11,385,2019,2.0,1
0,7,337,2020,110.0,2
0,9,326,2018,113.0,2
1,9,412,2016,1.0,1
0,8,359,2020,90.0,2
0,11,217,2020,82.0,2
1,11,241,2020,3.0,2
1,11,446,2020,3.0,1
1,12,385,2020,1.0,1
0,9,274,2018,69.0,2
0,13,121,2020,46.0,0
1,12,301,2020,1.0,2
1,14,432,2020,1.0,1
1,13,422,2020,1.0,1
0,9,185,2020,94.0,2
1,14,422,2016,5.0,1
0,12,283,2020,72.0,2
1,11,414,2020,3.0,1
0,9,284,2020,95.0,2
0,9,375,2019,101.0,2
1,9,235,2020,1.0,2
0,13,121,2020,21.0,0
0,10,125,2020,71.0,0
1,12,294,2020,1.0,2
0,11,470,2020,64.0,1
1,11,291,2020,1.0,2
0,11,199,2020,92.0,2
0,8,185,2017,80.0,2
1,12,497,2000,6.0,1
1,10,422,2020,1.0,1
1,9,89,2014,1.0,0
0,8,0,2020,104.0,0
0,13,121,2020,25.0,0
1,10,426,2018,1.0,1
0,8,337,2017,111.0,2
1,9,81,2008,1.0,0
1,13,422,2020,2.0,1
0,11,470,2020,72.0,1
0,8,441,2018,99.0,1
1,12,97,2020,1.0,0
0,13,125,2020,83.0,0
0,11,332,2020,150.0,2
0,11,220,2020,108.0,2
0,10,121,2020,44.0,0
1,12,446,2020,3.0,1
1,9,485,2020,2.0,1
0,11,326,2017,102.0,2
1,14,75,2020,1.0,0
0,11,199,2020,137.0,2
1,11,393,2020,1.0,1
0,11,220,2016,112.0,2
0,11,332,2019,102.0,2
0,11,319,2020,103.0,2
0,11,332,2020,136.0,2
0,12,274,2020,41.0,2
0,11,274,2019,88.0,2
1,11,291,2020,5.0,2
0,11,199,2020,84.0,2
1,11,488,2019,10.0,1
0,9,217,2020,114.0,2
0,9,52,2020,110.0,0
0,11,319,2016,103.0,2
0,14,125,2020,106.0,0
0,13,125,2020,46.0,0
0,11,326,2019,115.0,2
0,11,375,2020,140.0,2
0,11,329,2020,124.0,2
1,10,387,2020,1.0,1
0,9,230,2020,133.0,2
1,9,291,2015,1.0,2
0,14,125,2020,91.0,0
0,12,326,2019,30.0,2
1,11,234,2020,1.0,2
1,11,409,2020,3.0,1
0,11,288,2019,67.0,2
0,11,39,2019,105.0,0
0,11,470,2020,58.0,1
1,12,304,2020,1.0,2
1,11,96,2017,1.0,0
0,9,326,2018,87.0,2
1,13,422,2019,1.0,1
1,11,447,2018,1.0,1
1,11,482,2020,1.0,1
0,8,274,2020,100.0,2
1,9,262,2020,2.0,2
1,11,414,2020,1.0,1
0,11,217,2019,95.0,2
0,9,513,2020,90.0,1
0,11,220,2018,102.0,2
0,9,329,2019,98.0,2
1,11,241,2020,1.0,2
0,14,125,2020,68.0,0
1,11,448,2020,1.0,1
1,13,111,2016,2.0,0
0,9,332,2018,104.0,2
0,11,217,2020,89.0,2
1,11,291,2020,1.0,2
0,11,470,2020,62.0,1
0,11,283,2020,86.0,2
0,11,326,2016,104.0,2
1,9,386,2020,1.0,1
1,12,298,2020,1.0,2
0,9,217,2018,101.0,2
0,9,274,2020,17.0,2
1,14,430,2020,1.0,1
0,8,0,2020,126.0,0
1,11,244,2019,1.0,2
0,10,217,2019,120.0,2
1,11,80,2020,1.0,0
1,11,392,2020,4.0,1
1,9,379,2020,1.0,1
0,8,289,2018,89.0,2
0,9,285,2020,96.0,2
1,11,412,2020,1.0,1
0,8,211,2018,91.0,2
0,6,121,2012,86.0,0
0,11,470,2020,67.0,1
0,11,289,2019,89.0,2
0,11,366,2020,65.0,1
0,9,219,2012,151.0,2
0,9,22,2011,116.0,0
0,9,329,2012,110.0,2
0,11,326,2013,123.0,2
0,9,22,2013,139.0,0
0,11,319,2016,95.0,2
0,9,219,2013,121.0,2
0,12,200,2015,127.0,2
0,9,332,2015,162.0,2
0,9,39,2015,128.0,0
0,9,25,2014,112.0,0
1,11,393,2020,1.0,1
0,11,329,2013,125.0,2
0,9,332,2013,128.0,2
0,12,331,2014,120.0,2
0,11,319,2011,86.0,2
0,11,220,2014,107.0,2
0,12,200,2012,129.0,2
0,9,200,2014,135.0,2
0,11,322,2019,97.0,2
0,9,319,2019,125.0,2
0,9,52,2012,162.0,0
0,11,200,2015,136.0,2
0,11,200,2014,138.0,2
0,11,38,2011,126.0,0
0,12,332,2013,137.0,2
0,9,200,2011,114.0,2
0,9,217,2013,96.0,2
1,14,433,2020,2.0,1
1,11,391,2019,6.0,1
0,11,230,2020,107.0,2
0,11,326,2020,89.0,2
0,7,274,2017,94.0,2
1,11,418,2020,1.0,1
1,12,446,2020,1.0,1
1,10,437,2020,1.0,1
0,11,200,2019,148.0,2
1,10,446,1993,1.0,1
0,11,470,2020,82.0,1
1,11,485,2020,1.0,1
0,9,281,2019,95.0,2
1,11,114,2019,1.0,0
1,11,412,2016,1.0,1
1,13,422,2019,1.0,1
0,11,326,2020,120.0,2
0,11,25,2015,115.0,0
0,11,288,2019,107.0,2
0,8,513,1999,105.0,1
0,11,217,2014,134.0,2
1,9,447,2020,1.0,1
0,7,54,2007,128.0,0
0,11,185,2019,103.0,2
0,9,281,2019,96.0,2
0,8,60,1990,114.0,0
1,13,422,2004,1.0,1
0,11,220,2020,102.0,2
1,9,80,2020,1.0,0
0,11,470,2020,52.0,1
1,11,412,2020,1.0,1
0,9,39,2011,86.0,0
0,10,329,2020,104.0,2
0,11,281,2019,76.0,2
0,9,326,2019,135.0,2
1,11,244,2020,3.0,2
0,6,140,2020,99.0,0
1,11,391,2020,1.0,1
0,7,228,2020,124.0,2
1,11,291,2020,1.0,2
0,9,220,2019,117.0,2
0,11,319,2016,107.0,2
0,11,329,2019,111.0,2
0,9,329,2019,116.0,2
0,9,326,2019,135.0,2
1,10,378,2020,1.0,1
0,11,369,2020,126.0,2
0,9,39,2015,164.0,0
0,9,329,2006,166.0,2
0,7,289,2020,104.0,2
0,11,350,2020,94.0,2
1,12,104,2020,1.0,0
0,11,319,2020,92.0,2
0,11,470,2020,52.0,1
1,9,160,2020,2.0,0
0,9,319,2020,112.0,2
0,12,220,2017,90.0,2
1,11,379,2020,1.0,1
0,8,325,2017,101.0,2
0,11,326,2019,84.0,2
1,9,300,2020,2.0,2
0,11,200,2020,112.0,2
0,9,326,1997,136.0,2
0,11,285,2020,108.0,2
0,10,127,2020,110.0,0
1,12,446,2020,1.0,1
0,11,39,2020,93.0,0
1,11,394,2020,2.0,1
0,11,329,2020,90.0,2
0,9,326,1994,130.0,2
1,11,492,2020,2.0,1
0,11,332,2020,128.0,2
0,12,67,2020,104.0,0
0,11,176,1979,131.0,0
0,11,176,1989,109.0,0
0,11,175,1982,129.0,0
0,9,176,1958,73.0,0
0,9,176,1956,104.0,0
0,12,284,2020,48.0,2
0,9,217,2019,114.0,2
0,10,283,2020,86.0,2
0,11,17,1963,194.0,0
0,11,329,2010,76.0,2
0,9,176,1954,116.0,0
0,11,176,1970,130.0,0
0,6,125,2014,85.0,0
1,11,413,2020,2.0,1
0,8,211,2018,108.0,2
0,12,139,2020,81.0,0
0,9,326,2012,76.0,2
0,7,359,2016,92.0,2
1,12,446,2015,2.0,1
0,11,288,2019,85.0,2
0,6,150,2013,85.0,0
0,9,39,2019,108.0,0
0,11,332,2019,120.0,2
1,10,433,2020,4.0,1
0,9,326,2020,117.0,2
1,9,264,2020,6.0,2
0,9,329,2020,100.0,2
0,11,199,2020,101.0,2
0,8,36,2020,156.0,0
1,11,447,2020,2.0,1
1,11,487,2020,4.0,1
1,11,402,2020,1.0,1
0,11,470,2020,55.0,1
0,6,66,2018,96.0,0
1,9,75,2002,4.0,0
1,11,241,2020,1.0,2
1,11,244,2020,1.0,2
0,11,200,2014,104.0,2
0,9,217,2008,101.0,2
1,11,413,2020,1.0,1
1,9,486,2020,5.0,1
1,11,298,2020,1.0,2
0,8,199,2009,113.0,2
1,11,238,2018,1.0,2
1,11,418,2020,1.0,1
0,11,55,2018,126.0,0
0,7,337,2017,98.0,2
0,11,329,2020,114.0,2
0,9,375,2020,132.0,2
0,9,319,2018,92.0,2
1,11,256,2018,4.0,2
0,8,318,2020,90.0,2
1,11,264,2020,4.0,2
0,9,326,2016,86.0,2
0,7,230,2014,103.0,2
0,9,326,2020,114.0,2
0,11,217,2019,115.0,2
1,9,446,2020,5.0,1
1,9,157,2019,15.0,0
0,11,38,2020,149.0,0
0,11,329,2010,96.0,2
1,11,80,2020,3.0,0
0,9,329,2017,102.0,2
0,11,217,2017,105.0,2
0,11,220,2007,114.0,2
0,8,199,2017,94.0,2
0,10,135,2020,83.0,0
1,9,446,2019,1.0,1
0,9,217,2008,106.0,2
0,9,200,2006,116.0,2
0,9,217,2006,109.0,2
0,9,220,2009,97.0,2
0,11,200,2012,100.0,2
0,9,326,2008,116.0,2
0,9,25,2004,111.0,0
0,13,121,2020,24.0,0
0,12,200,2006,95.0,2
0,9,220,2011,135.0,2
0,11,350,2019,95.0,2
1,14,80,1999,2.0,0
0,9,199,2020,92.0,2
0,10,220,2017,100.0,2
1,11,383,2016,1.0,1
0,12,217,2019,80.0,2
1,11,80,2018,1.0,0
1,11,412,2014,3.0,1
0,6,2,2018,98.0,0
1,11,379,2017,1.0,1
1,11,379,2017,1.0,1
0,8,197,2017,104.0,2
0,9,309,2016,98.0,2
0,9,336,2019,104.0,2
0,12,200,2018,99.0,2
0,11,470,2020,68.0,1
1,11,487,2020,1.0,1
0,11,329,1999,106.0,2
1,11,488,2018,2.0,1
1,11,80,2020,1.0,0
0,9,209,2014,71.0,2
0,9,209,2015,80.0,2
0,11,332,2020,116.0,2
1,10,433,2016,4.0,1
0,11,319,2019,112.0,2
0,11,470,2020,73.0,1
0,9,25,2019,110.0,0
1,9,486,2019,5.0,1
0,8,344,2019,135.0,2
1,11,406,2020,1.0,1
1,9,498,2019,3.0,1
0,10,326,2020,128.0,2
0,10,328,2020,93.0,2
1,9,100,2020,1.0,0
0,11,353,2019,149.0,2
0,6,66,2018,54.0,0
0,8,27,2020,87.0,0
1,11,487,2020,2.0,1
0,10,329,2018,102.0,2
0,9,200,1981,177.0,2
0,9,217,1996,204.0,2
0,12,220,1982,233.0,2
0,9,220,2019,98.0,2
1,11,382,2020,1.0,1
0,9,200,1979,237.0,2
0,9,200,1984,230.0,2
0,9,217,1985,173.0,2
0,9,220,1981,195.0,2
0,9,200,1973,253.0,2
0,12,217,1976,157.0,2
0,11,326,2010,97.0,2
0,12,443,2020,85.0,1
1,9,295,2020,1.0,2
0,11,318,2014,94.0,2
0,9,322,2010,80.0,2
0,11,217,2020,94.0,2
1,9,400,2020,1.0,1
0,11,199,2020,92.0,2
0,12,217,2006,105.0,2
0,9,52,2009,120.0,0
0,9,220,2012,96.0,2
0,9,217,2007,107.0,2
0,12,217,2008,93.0,2
0,9,217,2009,101.0,2
1,11,472,2020,1.0,1
1,9,462,2020,1.0,1
0,9,220,2006,110.0,2
0,9,217,2004,112.0,2
0,6,319,2012,93.0,2
0,12,220,2005,109.0,2
0,9,326,2019,105.0,2
1,12,104,2020,1.0,0
1,11,472,2020,6.0,1
0,11,25,2019,97.0,0
1,9,379,2009,1.0,1
1,9,381,2009,1.0,1
1,14,154,2007,3.0,0
0,11,326,2017,91.0,2
0,11,220,2019,88.0,2
1,11,244,2020,1.0,2
1,12,498,2019,6.0,1
1,9,452,2020,3.0,1
1,11,83,2014,1.0,0
1,14,432,2020,5.0,1
1,11,244,2020,1.0,2
1,11,384,2019,1.0,1
1,13,422,2015,2.0,1
1,11,97,2020,1.0,0
0,9,329,2018,109.0,2
0,9,329,2019,118.0,2
0,10,141,2018,109.0,0
0,11,54,2020,131.0,0
0,9,326,2017,91.0,2
0,11,319,2018,152.0,2
0,9,375,2018,67.0,1
0,12,200,2018,72.0,2
0,9,281,2012,83.0,2
0,11,230,2020,90.0,2
0,9,329,2019,106.0,2
1,13,422,2020,1.0,1
0,9,185,2020,190.0,2
0,12,129,2010,129.0,0
0,9,21,1994,160.0,0
1,11,244,2019,3.0,2
0,11,274,2020,86.0,2
1,11,234,2020,1.0,2
0,8,344,2020,92.0,2
0,11,319,2020,114.0,2
1,11,488,2020,2.0,1
1,9,385,2020,2.0,1
1,11,412,2020,1.0,1
1,14,440,2020,2.0,1
0,9,372,2016,90.0,2
0,9,373,2019,94.0,2
1,11,404,2020,2.0,1
0,12,326,2018,86.0,2
0,6,274,2020,89.0,2
0,11,220,2020,107.0,2
0,12,470,2020,61.0,1
0,6,125,2019,93.0,0
0,10,131,2020,81.0,0
0,9,326,2019,120.0,2
1,11,399,2020,1.0,1
0,7,343,2019,94.0,2
0,9,217,2020,91.0,2
1,12,291,2015,1.0,2
1,12,446,2020,1.0,1
0,6,343,2019,104.0,2
0,9,470,2013,76.0,1
0,6,143,2020,90.0,0
0,8,325,2020,103.0,2
1,12,300,2015,1.0,2
1,9,291,2009,1.0,2
0,8,318,2020,122.0,2
0,11,274,2018,97.0,2
0,11,375,2019,98.0,2
0,13,121,2020,42.0,0
1,11,498,2020,1.0,1
0,11,285,2013,90.0,2
0,6,125,2008,91.0,0
1,13,422,2019,4.0,1
0,9,200,2012,94.0,2
1,11,412,2019,3.0,1
1,12,88,2014,1.0,0
0,11,375,2020,107.0,2
1,10,433,2020,1.0,1
0,11,353,2020,143.0,2
1,11,264,2019,1.0,2
0,7,201,2020,105.0,2
0,8,230,2007,116.0,2
0,13,121,2020,23.0,0
0,13,121,2020,23.0,0
0,13,121,2020,23.0,0
0,6,125,2003,105.0,0
0,9,513,2020,97.0,1
1,9,80,2020,1.0,0
1,11,241,2019,7.0,2
1,12,502,2019,5.0,1
0,9,220,2020,105.0,2
1,11,244,2020,1.0,2
1,11,244,2020,1.0,2
0,9,285,2020,83.0,2
0,12,326,2016,109.0,2
1,11,238,2020,1.0,2
0,9,200,2019,111.0,2
0,11,274,2020,97.0,2
1,10,104,2020,1.0,0
0,9,22,2019,132.0,0
1,11,412,2017,2.0,1
0,11,200,2006,102.0,2
0,11,25,2016,107.0,0
0,11,217,2008,100.0,2
0,9,200,2011,115.0,2
0,11,219,2016,104.0,2
0,11,319,2017,110.0,2
0,11,217,2016,100.0,2
0,11,217,2010,111.0,2
0,9,217,2009,108.0,2
0,9,25,2005,104.0,0
0,7,310,2019,116.0,2
0,9,25,2012,106.0,0
0,9,217,2019,96.0,2
0,11,329,2020,140.0,2
0,11,319,2020,107.0,2
1,12,300,2020,1.0,2
1,11,107,2020,4.0,0
0,9,25,2020,138.0,0
0,11,200,2010,132.0,2
1,9,379,2017,1.0,1
0,11,288,2005,208.0,2
0,9,217,2006,105.0,2
0,7,199,2011,101.0,2
0,9,52,2010,124.0,0
0,9,331,2009,93.0,2
0,9,326,2008,110.0,2
0,9,200,2009,115.0,2
1,9,412,2019,1.0,1
1,11,108,2020,2.0,0
1,12,433,2011,1.0,1
0,9,375,2019,107.0,2
1,11,417,2020,1.0,1
0,11,470,2020,72.0,1
1,9,77,2020,1.0,0
0,10,217,2016,107.0,2
0,9,217,2019,95.0,2
1,11,399,2020,3.0,1
0,9,326,2019,180.0,2
0,11,375,2020,135.0,2
1,12,302,2020,1.0,2
0,11,285,2020,87.0,2
0,11,375,2018,94.0,2
0,11,326,2019,105.0,2
0,11,375,2019,93.0,2
0,6,125,2020,92.0,0
1,9,104,2020,1.0,0
1,9,80,2006,5.0,0
1,11,487,2020,1.0,1
1,11,241,2018,1.0,2
1,11,446,2020,1.0,1
1,11,487,2020,1.0,1
0,9,200,2020,144.0,2
1,13,422,2019,1.0,1
1,9,238,2020,1.0,2
1,11,487,2020,1.0,1
0,11,217,2018,101.0,2
0,11,332,2020,81.0,2
1,11,241,2020,2.0,2
1,11,243,2020,1.0,2
0,11,326,2020,95.0,2
0,8,318,2020,119.0,2
0,11,375,2019,121.0,2
0,11,200,2019,88.0,2
1,11,403,2020,2.0,1
1,11,242,2020,3.0,2
0,7,185,2016,106.0,2
0,6,142,2015,119.0,0
0,11,470,2020,63.0,1
0,8,185,2015,82.0,2
0,10,129,2019,95.0,0
0,9,329,2018,93.0,2
0,12,199,2019,120.0,2
1,11,234,2020,1.0,2
0,11,329,2020,147.0,2
0,11,470,2020,55.0,1
0,9,326,2018,107.0,2
0,9,200,2018,92.0,2
0,9,274,2019,85.0,2
0,11,50,2019,98.0,0
1,11,487,2020,1.0,1
0,11,283,2020,92.0,2
0,11,220,2020,101.0,2
0,11,200,2019,112.0,2
0,10,134,2020,103.0,0
1,11,244,2019,1.0,2
0,6,309,2020,91.0,2
1,9,81,2019,2.0,0
1,11,385,2020,1.0,1
0,11,200,2019,96.0,2
0,6,13,2010,104.0,0
0,11,470,2017,66.0,1
0,11,318,2019,83.0,2
0,8,318,2017,111.0,2
0,11,348,2019,90.0,2
0,8,325,2017,121.0,2
0,8,0,2019,121.0,0
1,11,400,2013,2.0,1
0,11,20,2020,88.0,0
1,9,504,2019,2.0,1
0,11,281,2020,57.0,2
0,8,199,2017,107.0,2
0,9,5,2020,5.0,0
0,12,71,2019,91.0,0
0,9,326,1990,174.0,2
0,9,39,2015,155.0,0
0,14,121,2012,87.0,0
1,9,487,2015,6.0,1
0,11,470,2020,77.0,1
0,9,200,2008,142.0,2
0,9,39,1984,170.0,0
0,9,200,1998,165.0,2
0,9,39,1980,161.0,0
0,9,200,2013,144.0,2
0,9,39,1993,149.0,0
0,9,200,2014,135.0,2
1,11,234,2020,1.0,2
0,9,220,2014,131.0,2
0,9,353,2005,126.0,2
0,9,329,2006,192.0,2
0,9,326,2001,209.0,2
0,9,200,2003,187.0,2
0,9,200,2016,138.0,2
0,9,200,1998,185.0,2
0,9,220,2015,143.0,2
1,11,108,2020,3.0,0
0,14,150,2014,97.0,0
0,9,22,1987,172.0,0
1,14,86,2019,3.0,0
1,9,75,1986,6.0,0
0,11,319,2020,103.0,2
1,11,100,2020,2.0,0
1,11,487,2020,1.0,1
0,10,121,2017,83.0,0
0,8,321,2010,107.0,2
1,11,108,2020,3.0,0
0,9,200,2014,114.0,2
1,9,393,2020,2.0,1
0,8,348,2018,93.0,2
0,14,121,2020,85.0,0
1,10,434,2019,1.0,1
1,14,422,2019,1.0,1
0,11,470,2020,85.0,1
0,6,144,2016,131.0,0
0,11,324,2017,101.0,2
0,11,319,2019,107.0,2
0,9,513,2018,84.0,1
0,8,289,2019,104.0,2
1,13,422,2019,1.0,1
0,9,200,2020,160.0,2
1,11,238,2020,1.0,2
0,8,0,2019,103.0,0
0,13,125,2020,46.0,0
1,11,255,2019,2.0,2
1,11,403,2019,1.0,1
0,11,200,2020,112.0,2
1,11,265,2020,3.0,2
0,11,52,2020,83.0,0
0,9,281,2019,72.0,2
0,13,121,2020,24.0,0
0,11,318,2020,104.0,2
1,11,378,2020,1.0,1
0,13,121,2019,72.0,0
1,11,80,2020,2.0,0
0,11,329,2019,113.0,2
0,10,281,2020,21.0,2
1,11,412,2020,1.0,1
0,6,137,2019,100.0,0
0,8,274,2020,108.0,2
0,11,326,2018,99.0,2
0,11,361,2020,104.0,2
0,11,470,2020,70.0,1
1,11,244,2020,1.0,2
1,9,385,2020,1.0,1
1,13,422,2020,2.0,1
0,9,284,2020,93.0,2
1,14,433,2020,2.0,1
1,14,86,2020,2.0,0
0,9,319,2017,95.0,2
1,12,438,2020,4.0,1
1,11,498,2020,1.0,1
1,11,244,2020,1.0,2
1,9,109,2020,1.0,0
1,12,107,2020,1.0,0
1,11,234,2020,1.0,2
0,11,331,2020,109.0,2
1,11,413,2020,1.0,1
0,8,362,2019,91.0,2
0,11,5,2020,75.0,0
0,9,217,2020,100.0,2
0,8,337,2017,95.0,2
1,11,412,2020,1.0,1
0,6,73,2017,113.0,0
1,11,244,2019,1.0,2
0,9,289,2016,91.0,2
0,11,470,2020,62.0,1
1,14,111,2020,1.0,0
1,11,291,2018,1.0,2
0,8,185,2014,93.0,2
0,9,375,2019,135.0,2
0,13,121,2019,23.0,0
0,13,121,2019,23.0,0
1,11,291,2019,1.0,2
0,13,121,2019,23.0,0
0,11,220,2020,101.0,2
1,9,300,2020,1.0,2
0,9,200,2018,98.0,2
1,11,418,2020,1.0,1
0,12,138,2020,103.0,0
0,11,318,2019,106.0,2
1,11,381,2020,2.0,1
0,8,309,2020,95.0,2
0,9,326,2019,132.0,2
1,11,244,2020,1.0,2
1,11,234,2020,2.0,2
1,9,461,2020,3.0,1
1,11,385,2020,1.0,1
0,14,121,2020,82.0,0
0,11,470,2020,71.0,1
0,12,138,2020,16.0,0
0,11,217,2017,104.0,2
0,11,329,2017,79.0,2
0,11,326,2020,120.0,2
0,11,319,2019,82.0,2
0,11,288,2019,115.0,2
0,8,20,2020,111.0,0
0,11,375,2020,110.0,2
1,11,291,2020,2.0,2
0,12,332,2016,121.0,2
0,9,22,2020,162.0,0
1,13,433,2020,1.0,1
0,11,218,2019,108.0,2
0,11,326,2010,186.0,2
0,11,288,2019,116.0,2
0,8,326,2005,154.0,2
1,9,391,2016,4.0,1
0,8,362,2018,105.0,2
0,13,131,2019,71.0,0
0,11,470,2020,61.0,1
0,9,319,2019,133.0,2
0,11,326,2019,98.0,2
0,8,337,2011,119.0,2
0,11,470,2020,61.0,1
1,9,77,2014,1.0,0
1,11,244,2020,3.0,2
0,9,200,2019,130.0,2
1,13,422,2020,1.0,1
0,13,121,2019,11.0,0
0,11,344,2016,87.0,2
0,6,138,2011,127.0,0
0,9,202,2016,87.0,2
0,9,329,2017,88.0,2
0,8,318,2007,158.0,2
0,9,329,2020,82.0,2
0,11,281,2018,93.0,2
0,11,288,2019,90.0,2
0,11,337,2020,109.0,2
1,9,399,2019,2.0,1
0,9,470,2019,72.0,1
1,11,405,2020,1.0,1
1,11,241,2019,1.0,2
1,11,400,2020,1.0,1
0,9,22,2020,162.0,0
1,11,256,2020,2.0,2
1,11,412,2020,1.0,1
0,14,66,2019,98.0,0
1,9,512,2020,1.0,1
0,9,329,2016,103.0,2
0,11,326,2015,97.0,2
1,11,491,2020,1.0,1
0,11,199,2015,94.0,2
0,11,326,2016,101.0,2
1,11,234,2020,1.0,2
0,11,319,2015,138.0,2
0,9,369,2014,109.0,2
0,11,470,2020,50.0,1
0,12,139,2019,110.0,0
1,9,379,2020,1.0,1
0,11,345,2019,92.0,2
1,11,234,2018,1.0,2
1,11,488,2020,1.0,1
1,11,379,2020,1.0,1
1,10,385,2020,1.0,1
1,11,241,2020,1.0,2
0,11,319,2020,120.0,2
0,9,375,2019,101.0,2
0,8,344,2020,116.0,2
0,11,326,2020,117.0,2
0,12,219,2012,95.0,2
1,11,418,2020,1.0,1
0,12,136,2018,93.0,0
1,12,430,2008,1.0,1
0,8,337,2015,122.0,2
0,11,318,2019,102.0,2
0,8,27,2015,96.0,0
1,11,412,2017,1.0,1
0,8,344,2016,93.0,2
0,7,346,2016,93.0,2
0,13,442,2017,72.0,1
1,13,433,2017,1.0,1
0,3,125,2019,87.0,0
0,11,329,2019,95.0,2
0,11,199,2017,33.0,2
0,11,220,2020,113.0,2
0,12,219,2010,118.0,2
0,9,329,2019,171.0,2
1,11,393,2020,1.0,1
0,9,217,2018,100.0,2
0,12,2,2019,103.0,0
1,11,447,2021,1.0,1
1,11,256,2020,2.0,2
1,9,387,2019,1.0,1
1,11,244,2019,1.0,2
0,12,220,2015,86.0,2
0,9,230,2020,102.0,2
1,13,433,2018,2.0,1
0,14,125,2020,81.0,0
0,8,325,2017,101.0,2
0,12,281,2020,73.0,2
0,9,329,2019,96.0,2
1,11,260,2018,4.0,2
0,11,325,2018,106.0,2
0,7,345,2019,88.0,2
0,11,332,2019,103.0,2
0,9,200,2019,139.0,2
0,9,326,2018,89.0,2
1,13,433,2020,2.0,1
1,9,394,2018,2.0,1
0,8,318,2020,104.0,2
0,9,331,2019,124.0,2
1,9,481,2020,1.0,1
1,9,379,2020,1.0,1
0,8,309,2017,112.0,2
1,11,234,2020,1.0,2
1,11,80,2020,1.0,0
0,9,274,2014,70.0,2
1,9,254,2019,8.0,2
1,11,234,2020,1.0,2
0,11,289,2020,106.0,2
0,7,60,2020,97.0,0
0,6,206,2019,106.0,2
0,9,470,2020,60.0,1
1,12,433,2020,3.0,1
0,9,375,2019,148.0,2
0,11,332,2020,122.0,2
0,11,199,2016,86.0,2
0,9,176,1994,193.0,2
1,11,80,2015,1.0,0
1,11,383,2020,1.0,1
0,8,442,2017,92.0,1
0,7,220,2018,94.0,2
1,14,429,2019,5.0,1
0,10,129,2019,82.0,0
0,12,442,2020,59.0,1
1,11,80,2014,1.0,0
1,9,80,2018,1.0,0
1,13,422,2014,1.0,1
0,11,47,2019,89.0,0
0,10,328,1999,176.0,2
0,11,326,2020,116.0,2
1,11,398,2020,2.0,1
0,11,326,2016,86.0,2
0,9,199,2017,93.0,2
1,11,394,2020,1.0,1
0,11,288,2020,85.0,2
1,11,241,2020,2.0,2
1,9,386,2019,1.0,1
0,11,470,2009,62.0,1
1,11,97,2020,1.0,0
1,9,386,2020,1.0,1
0,11,326,2018,112.0,2
1,9,393,2020,1.0,1
1,12,300,2020,1.0,2
1,11,415,2020,1.0,1
0,9,220,2020,121.0,2
0,9,199,2019,133.0,2
0,11,470,2020,76.0,1
0,6,318,2017,82.0,2
0,11,319,2019,156.0,2
0,11,375,2015,90.0,2
1,11,291,2020,1.0,2
1,9,412,2017,2.0,1
1,11,446,2020,1.0,1
1,11,488,2020,8.0,1
0,12,220,2020,97.0,2
0,11,470,2020,51.0,1
1,11,480,2020,1.0,1
1,9,80,2020,2.0,0
1,9,414,2020,1.0,1
1,9,300,2020,1.0,2
1,11,391,2019,1.0,1
0,11,200,2004,98.0,2
0,11,470,2020,61.0,1
0,9,199,2019,116.0,2
1,12,432,2011,1.0,1
0,9,200,2019,132.0,2
0,9,318,2020,17.0,2
0,8,318,2013,91.0,2
0,11,344,2020,121.0,2
1,11,413,2020,1.0,1
1,11,292,2020,4.0,2
1,9,385,2020,1.0,1
1,12,446,2019,2.0,1
0,9,345,2019,78.0,2
1,9,415,2020,1.0,1
0,6,125,2011,95.0,0
0,11,318,2019,86.0,2
0,8,332,2015,132.0,2
0,9,2,2019,107.0,0
1,9,80,2008,1.0,0
0,8,309,2015,122.0,2
0,9,319,2018,95.0,2
0,11,332,2019,108.0,2
1,11,234,2020,1.0,2
0,8,373,2017,99.0,2
0,11,49,2019,103.0,0
0,11,470,2020,66.0,1
1,13,422,2018,1.0,1
0,11,39,2019,132.0,0
1,10,434,2020,1.0,1
0,9,274,2018,56.0,2
0,11,200,2019,128.0,2
1,9,488,2020,1.0,1
1,11,97,2019,1.0,0
1,14,433,2020,4.0,1
1,11,244,2020,1.0,2
1,11,255,2020,1.0,2
0,8,38,2014,119.0,0
1,13,433,2020,2.0,1
1,11,389,2020,1.0,1
0,11,20,2020,97.0,0
1,11,299,2020,1.0,2
0,8,318,2017,92.0,2
0,11,200,2020,102.0,2
1,9,109,2020,1.0,0
0,9,220,2020,90.0,2
1,12,417,2019,3.0,1
0,9,329,2017,129.0,2
1,11,300,2020,1.0,2
1,11,405,2019,1.0,1
0,9,326,2018,106.0,2
1,9,379,2017,1.0,1
1,9,239,2018,1.0,2
0,12,217,2014,105.0,2
1,12,92,2018,1.0,0
1,14,422,2019,1.0,1
0,13,125,2007,78.0,0
0,14,125,2008,79.0,0
0,3,125,2009,78.0,0
0,11,353,2020,145.0,2
0,11,470,2015,71.0,1
0,3,133,2001,83.0,0
1,11,379,2017,1.0,1
0,10,131,2019,81.0,0
1,11,505,2020,1.0,1
1,14,422,2017,2.0,1
1,11,235,2020,1.0,2
0,8,330,2006,119.0,2
0,14,66,2018,98.0,0
0,11,329,2017,102.0,2
1,9,379,2015,1.0,1
0,11,0,2015,88.0,0
0,8,185,2009,97.0,2
1,11,383,2017,1.0,1
1,11,498,2020,1.0,1
1,9,379,2017,1.0,1
0,9,353,2019,110.0,2
0,11,319,2019,85.0,2
1,12,292,2019,1.0,2
0,7,233,2019,90.0,2
0,11,185,2019,89.0,2
1,11,416,2019,3.0,1
1,14,423,2018,1.0,1
1,13,422,2016,1.0,1
1,14,423,2018,2.0,1
1,11,472,2019,2.0,1
1,9,412,2019,1.0,1
1,9,80,2019,1.0,0
0,11,326,2019,120.0,2
0,11,25,2013,102.0,0
0,9,281,2018,73.0,2
1,11,291,2019,1.0,2
0,11,217,2018,103.0,2
0,11,319,2019,79.0,2
1,11,412,2019,1.0,1
1,11,251,2019,2.0,2
0,8,47,2019,97.0,0
0,12,74,2017,91.0,0
0,7,125,2019,96.0,0
0,8,36,2019,103.0,0
0,8,25,2017,95.0,0
0,7,358,2019,83.0,2
1,11,85,2019,2.0,0
0,9,219,2019,117.0,2
0,12,125,2019,70.0,0
1,12,482,2019,2.0,1
0,8,513,2019,90.0,1
1,9,488,2012,6.0,1
0,13,150,2019,86.0,0
0,12,217,2017,86.0,2
1,11,412,2019,1.0,1
0,9,329,2014,113.0,2
0,11,366,2018,82.0,2
0,12,329,2015,141.0,2
0,11,326,2015,107.0,2
0,7,309,2019,126.0,2
1,11,405,2019,1.0,1
0,12,281,2019,25.0,2
1,11,394,2019,1.0,1
1,11,244,2019,2.0,2
1,11,234,2019,1.0,2
1,11,462,2019,1.0,1
0,11,470,2019,63.0,1
0,11,199,2018,136.0,2
0,8,319,2015,120.0,2
0,9,200,2015,134.0,2
1,12,379,2016,1.0,1
1,13,423,2015,2.0,1
1,9,379,2019,1.0,1
1,11,412,2018,1.0,1
0,9,200,2001,185.0,2
0,11,200,2015,174.0,2
0,9,52,2006,169.0,0
0,9,53,2011,148.0,0
0,9,22,2013,135.0,0
0,9,375,2011,135.0,2
1,12,80,2012,1.0,0
0,9,129,2019,89.0,0
0,9,200,2007,119.0,2
0,9,220,2017,98.0,2
0,9,332,2010,135.0,2
0,12,39,2004,185.0,0
0,9,329,2009,156.0,2
0,11,200,2017,104.0,2
0,9,328,2008,139.0,2
1,14,433,2012,2.0,1
0,9,332,2012,140.0,2
1,14,433,2005,3.0,1
0,9,200,2011,154.0,2
0,8,36,2019,129.0,0
0,11,217,2016,99.0,2
0,11,220,2017,100.0,2
0,9,220,2016,110.0,2
0,9,329,2018,107.0,2
0,11,375,2019,95.0,2
0,11,375,2018,89.0,1
0,11,470,2019,65.0,1
0,11,326,2019,143.0,2
0,9,217,2017,101.0,2
0,11,470,2019,60.0,1
0,12,125,2019,29.0,0
0,8,346,2017,92.0,2
0,9,52,2019,172.0,0
0,7,312,2019,97.0,2
1,11,487,2019,1.0,1
0,9,217,2017,108.0,2
0,9,326,2017,107.0,2
1,12,487,2020,5.0,1
0,8,309,2019,137.0,2
0,11,5,2017,106.0,0
0,11,326,2017,115.0,2
0,14,121,2019,46.0,0
1,12,81,2019,1.0,0
1,11,414,2019,2.0,1
1,9,234,2019,1.0,2
1,11,400,2019,1.0,1
1,11,240,2019,1.0,2
0,9,200,2016,92.0,2
0,12,200,2017,93.0,2
0,12,143,2019,85.0,0
0,11,274,2019,24.0,2
1,11,480,2019,1.0,1
1,11,487,2019,2.0,1
1,12,417,2019,1.0,1
1,9,391,2019,1.0,1
0,11,470,2019,56.0,1
1,11,507,2018,1.0,1
0,6,131,2019,86.0,0
0,12,220,2019,127.0,2
0,8,344,2014,93.0,2
0,11,332,2019,94.0,2
1,11,488,2018,4.0,1
0,9,220,2019,120.0,2
0,11,281,2019,108.0,2
0,9,329,2017,135.0,2
0,12,329,2016,111.0,2
0,9,200,2017,134.0,2
0,12,329,2018,137.0,2
1,13,424,2016,2.0,1
0,9,141,2019,103.0,0
0,9,200,2017,133.0,2
0,11,283,2019,95.0,2
0,11,332,2015,126.0,2
1,9,379,2019,1.0,1
0,10,281,2019,67.0,2
0,9,200,2019,135.0,2
0,9,319,2019,106.0,2
1,13,422,2019,2.0,1
0,11,223,2018,107.0,2
0,11,319,2019,81.0,2
0,11,326,2016,107.0,2
1,11,241,2019,2.0,2
0,11,217,2018,118.0,2
0,11,212,2018,110.0,2
0,11,25,2017,104.0,0
1,9,393,2019,1.0,1
0,9,332,2018,93.0,2
0,12,138,2019,94.0,0
1,9,80,2019,1.0,0
1,11,403,2019,1.0,1
1,12,487,2019,1.0,1
1,11,410,2019,1.0,1
0,8,36,2008,137.0,0
0,9,220,2019,134.0,2
0,14,125,2019,69.0,0
0,11,318,2019,106.0,2
0,8,309,2019,209.0,2
0,11,470,2019,86.0,1
0,13,121,2019,24.0,0
1,11,244,2015,2.0,2
0,13,121,2019,46.0,0
1,11,397,2019,1.0,1
0,9,39,2019,117.0,0
0,11,281,2019,87.0,2
0,8,344,2017,121.0,2
1,9,411,2019,1.0,1
0,11,319,2019,97.0,2
1,9,498,2019,1.0,1
0,11,5,2015,121.0,0
0,11,470,2008,56.0,1
1,12,446,2019,2.0,1
1,11,234,2019,1.0,2
1,11,410,2019,1.0,1
0,11,289,2019,119.0,2
1,11,385,2019,1.0,1
1,14,432,2019,3.0,1
1,14,433,2019,8.0,1
0,9,132,2019,93.0,0
1,11,410,2019,1.0,1
0,11,274,2019,86.0,2
0,9,329,2019,134.0,2
1,11,412,2019,1.0,1
0,10,284,2019,28.0,2
0,9,319,2019,131.0,2
1,11,235,2019,1.0,2
0,11,470,2019,78.0,1
1,9,393,2019,1.0,1
1,11,417,2019,1.0,1
0,11,25,2019,93.0,0
0,11,470,2014,84.0,1
0,7,326,2015,107.0,2
0,8,346,2013,101.0,2
1,9,390,2003,1.0,1
0,8,337,2019,107.0,2
0,9,281,2019,74.0,2
0,12,148,2019,60.0,0
0,11,39,2019,143.0,0
0,9,212,2019,105.0,2
1,11,446,2019,1.0,1
1,9,379,2013,1.0,1
1,12,92,2010,2.0,0
0,12,72,2011,110.0,0
0,6,125,2019,98.0,0
1,11,390,2004,1.0,1
1,13,422,2019,2.0,1
1,12,394,2002,1.0,1
1,9,379,2017,1.0,1
0,9,281,2018,74.0,2
1,11,241,2019,1.0,2
0,9,70,2013,46.0,0
1,11,405,2019,1.0,1
1,9,297,2019,3.0,2
1,11,244,2019,2.0,2
1,9,392,2003,1.0,1
0,11,470,2019,54.0,1
1,9,393,2019,1.0,1
1,11,304,2020,1.0,2
1,9,383,2019,2.0,1
0,11,470,2019,59.0,1
0,8,320,2009,100.0,2
1,9,396,2019,1.0,1
0,11,274,2019,88.0,2
1,11,393,2019,3.0,1
1,9,100,2019,1.0,0
1,14,430,2019,1.0,1
0,7,201,2019,93.0,2
0,11,39,2019,94.0,0
1,11,241,2019,2.0,2
0,9,375,2016,121.0,2
0,11,309,2019,78.0,2
1,9,244,2019,1.0,2
0,9,39,2018,116.0,0
0,10,131,2019,87.0,0
1,12,433,2014,2.0,1
0,11,470,2019,61.0,1
1,11,108,2019,2.0,0
0,8,199,2017,98.0,2
0,11,329,2019,123.0,2
0,8,185,2019,85.0,2
1,12,108,2016,3.0,0
0,9,274,2016,78.0,2
0,11,332,2019,103.0,2
1,11,234,2019,1.0,2
0,13,442,2014,44.0,1
0,14,125,2014,68.0,0
1,10,433,2015,1.0,1
0,12,131,2012,68.0,0
0,13,121,2017,69.0,0
0,12,125,2017,81.0,0
0,13,125,2013,69.0,0
0,12,121,2016,68.0,0
0,12,125,2015,68.0,0
0,13,125,2010,86.0,0
0,13,125,2015,40.0,0
1,10,433,2013,3.0,1
0,11,217,2019,94.0,2
1,12,294,2015,1.0,2
1,11,244,2018,1.0,2
0,11,309,2019,90.0,2
1,9,389,2016,4.0,1
0,12,309,2017,112.0,2
0,11,185,2018,101.0,2
1,12,92,2008,2.0,0
0,9,52,2019,119.0,0
0,11,274,2019,40.0,2
1,9,85,2015,2.0,0
0,12,143,2019,86.0,0
0,6,132,2018,92.0,0
1,12,89,2014,2.0,0
1,9,88,2010,1.0,0
1,9,80,2016,2.0,0
1,9,385,2019,1.0,1
0,12,132,2019,91.0,0
1,11,446,2019,2.0,1
1,14,422,2019,3.0,1
0,11,442,2019,36.0,1
0,8,309,2019,141.0,2
0,11,326,2019,107.0,2
0,11,281,2007,97.0,2
0,13,121,2019,24.0,0
1,11,400,2006,1.0,1
1,11,414,2019,1.0,1
0,11,283,2016,89.0,2
0,11,470,2019,65.0,1
1,11,80,2019,2.0,0
1,11,242,2019,1.0,2
1,11,244,2019,1.0,2
1,9,379,2016,1.0,1
0,11,329,2019,126.0,2
1,9,379,2017,1.0,1
1,9,244,2019,1.0,2
0,11,470,2019,63.0,1
1,11,305,2018,1.0,2
0,9,281,2019,14.0,2
0,12,281,2019,28.0,2
0,10,284,2018,20.0,2
1,12,396,2019,1.0,1
1,10,396,2019,1.0,1
1,11,487,2020,6.0,1
1,11,244,2019,1.0,2
0,11,332,2014,106.0,2
0,8,197,2019,118.0,2
1,11,241,2019,1.0,2
0,11,274,2019,127.0,2
1,11,241,2018,1.0,2
0,12,364,2019,61.0,1
1,9,385,2019,1.0,1
1,12,387,2019,1.0,1
0,11,349,2019,86.0,2
0,11,200,2018,94.0,2
1,9,407,2019,1.0,1
1,11,477,2019,1.0,1
0,7,288,2019,82.0,2
0,9,350,2019,92.0,2
1,11,291,2019,1.0,2
0,12,274,2019,52.0,2
0,9,52,2018,108.0,0
0,11,290,2019,67.0,2
0,8,24,2016,91.0,0
0,14,125,2019,66.0,0
0,7,332,2018,118.0,2
0,9,220,2017,87.0,2
1,13,422,2019,1.0,1
0,13,121,2019,47.0,0
0,13,121,2019,56.0,0
0,13,121,2019,61.0,0
0,13,121,2019,34.0,0
0,11,345,2019,98.0,2
0,11,326,2018,99.0,2
1,12,104,2019,1.0,0
1,13,110,2019,2.0,0
0,9,220,2017,95.0,2
1,13,433,2019,1.0,1
1,14,423,2017,1.0,1
0,11,200,2019,100.0,2
1,14,422,2019,2.0,1
0,11,39,2017,101.0,0
0,11,274,2019,86.0,2
0,8,197,2019,96.0,2
1,11,409,2017,2.0,1
0,9,326,2018,99.0,2
0,9,200,2019,112.0,2
0,9,312,2017,127.0,2
1,9,242,2019,2.0,2
1,12,440,2019,1.0,1
1,11,379,2016,1.0,1
0,11,274,2019,22.0,2
0,11,274,2019,78.0,2
0,11,470,2019,63.0,1
1,9,379,2015,1.0,1
0,8,345,2015,97.0,2
0,11,289,2018,86.0,2
1,11,244,2014,1.0,2
0,9,470,2019,62.0,1
0,11,326,2019,96.0,2
1,9,238,2019,1.0,2
0,11,220,2017,104.0,2
0,11,344,2019,123.0,2
0,11,513,2019,100.0,1
1,11,492,2019,2.0,1
0,9,326,2019,99.0,2
0,11,332,2019,151.0,2
1,11,393,2020,2.0,1
0,11,350,2019,102.0,2
1,14,86,2018,1.0,0
0,9,366,2019,154.0,2
1,9,80,2019,1.0,0
0,7,337,2019,106.0,2
0,9,344,2019,87.0,2
1,11,446,2019,1.0,1
0,11,470,2019,70.0,1
0,14,125,2019,46.0,0
0,9,329,2018,101.0,2
1,14,427,2019,1.0,1
1,9,381,2019,1.0,1
0,11,319,2019,109.0,2
0,9,274,2016,100.0,2
0,11,220,2019,110.0,2
1,12,113,2019,2.0,0
0,11,359,2019,102.0,2
0,12,125,2019,102.0,0
1,11,97,2019,5.0,0
1,12,431,2019,1.0,1
1,11,300,2019,2.0,2
1,13,422,2019,3.0,1
0,13,121,2019,24.0,0
1,11,76,2019,1.0,0
1,11,291,2019,1.0,2
0,11,220,2019,98.0,2
0,12,274,2018,76.0,2
1,9,379,2016,1.0,1
1,9,379,2017,1.0,1
1,11,393,2018,1.0,1
1,11,409,2018,1.0,1
0,9,329,2018,90.0,2
1,11,410,2018,1.0,1
1,11,409,2017,1.0,1
0,12,284,2017,59.0,2
0,13,121,2019,58.0,0
1,14,423,2018,1.0,1
0,11,470,2019,64.0,1
0,3,125,2000,79.0,0
1,9,379,2016,1.0,1
1,12,379,2017,1.0,1
0,3,125,1998,81.0,0
0,8,199,2005,81.0,2
1,11,256,2019,5.0,2
0,11,470,2019,64.0,1
0,12,281,2019,45.0,2
0,12,326,2019,90.0,2
1,11,405,2019,1.0,1
0,12,217,2018,102.0,2
1,11,241,2019,3.0,2
0,11,342,2019,116.0,2
0,11,73,2019,42.0,0
0,9,329,2019,133.0,2
0,7,39,2013,108.0,0
1,11,241,2018,1.0,2
1,9,291,2019,2.0,2
0,10,281,2019,38.0,2
1,11,413,2019,3.0,1
0,9,219,2019,146.0,2
0,9,219,2019,146.0,2
0,8,0,2019,106.0,0
0,11,470,2019,58.0,1
0,11,200,2019,152.0,2
0,11,212,2018,87.0,2
0,11,319,2009,121.0,2
1,11,381,2019,1.0,1
0,11,185,2019,83.0,2
1,11,244,2019,1.0,2
1,11,97,2019,1.0,0
1,11,97,2019,1.0,0
1,11,446,2019,2.0,1
1,9,300,2019,1.0,2
1,11,410,2019,1.0,1
0,11,217,2018,111.0,2
0,13,121,2019,24.0,0
0,11,329,2019,171.0,2
1,9,379,2019,1.0,1
0,11,0,2019,88.0,0
0,11,470,2012,76.0,1
0,12,283,2019,64.0,2
0,9,274,2006,94.0,2
1,11,234,2019,1.0,2
0,9,219,2019,157.0,2
0,12,281,2019,83.0,2
0,11,274,2019,65.0,2
1,11,83,2019,1.0,0
0,9,217,2018,105.0,2
1,11,413,2019,1.0,1
0,9,329,2019,107.0,2
0,12,132,2019,103.0,0
1,11,97,2019,1.0,0
1,11,262,2019,1.0,2
1,11,482,2019,1.0,1
1,9,300,2019,1.0,2
0,11,470,2019,67.0,1
0,11,281,2019,96.0,2
0,11,332,2019,125.0,2
0,11,199,2018,142.0,2
0,9,212,2018,133.0,2
0,9,220,2019,100.0,2
1,11,416,2019,1.0,1
0,10,274,2019,10.0,2
0,9,319,2016,128.0,2
0,9,200,2019,93.0,2
0,11,281,2012,81.0,2
1,13,422,2016,1.0,1
1,10,300,2018,3.0,2
1,9,80,2006,9.0,0
0,11,319,2014,82.0,2
1,9,96,2018,1.0,0
0,3,121,2004,47.0,0
0,9,217,2019,95.0,2
1,13,110,2018,1.0,0
0,11,217,2019,84.0,2
0,11,217,2018,91.0,2
0,12,127,2019,102.0,0
1,9,446,2019,1.0,1
1,12,482,2019,1.0,1
1,11,241,2018,1.0,2
1,13,422,2019,3.0,1
0,11,375,2018,100.0,2
0,12,230,2019,98.0,2
0,9,312,2019,110.0,2
0,11,288,2019,85.0,2
1,11,104,2019,2.0,0
0,11,470,2019,66.0,1
0,11,217,2016,92.0,2
1,11,234,2019,3.0,2
1,9,77,2019,2.0,0
0,12,200,2019,133.0,2
0,9,217,2018,135.0,2
0,12,366,2019,120.0,2
0,9,319,2019,118.0,2
0,9,274,2019,110.0,2
0,11,353,2019,98.0,2
0,11,353,2019,98.0,2
0,11,353,2019,98.0,2
1,12,446,2019,1.0,1
0,11,369,2018,104.0,2
0,10,274,2019,63.0,2
0,11,470,2019,52.0,1
1,11,391,2019,1.0,1
1,11,241,2019,1.0,2
1,11,244,2019,1.0,2
1,9,300,2019,1.0,2
1,11,241,2019,1.0,2
0,14,133,2019,72.0,0
1,11,264,2019,2.0,2
0,7,467,2015,117.0,1
0,9,185,2019,100.0,2
0,13,121,2019,24.0,0
1,11,405,2019,1.0,1
0,11,217,2019,86.0,2
1,11,398,2018,1.0,1
1,11,80,2019,1.0,0
1,11,244,2019,2.0,2
1,11,416,2019,1.0,1
0,11,470,2019,69.0,1
1,11,234,2019,1.0,2
0,9,326,2019,119.0,2
0,11,219,2019,123.0,2
0,11,289,2019,93.0,2
0,11,281,2018,109.0,2
1,11,498,2019,2.0,1
1,14,422,2019,1.0,1
0,9,470,2019,66.0,1
1,11,488,2019,3.0,1
1,11,489,2019,5.0,1
0,11,319,2018,107.0,2
0,14,130,2019,46.0,0
1,11,244,2019,1.0,2
1,9,291,2019,1.0,2
1,11,238,2014,1.0,2
1,11,412,2019,1.0,1
1,9,461,2019,5.0,1
1,11,379,2015,1.0,1
1,12,379,2013,1.0,1
1,11,383,2014,1.0,1
1,11,379,2015,1.0,1
1,11,379,2014,1.0,1
1,11,379,2012,1.0,1
1,11,486,2019,1.0,1
0,9,375,2019,117.0,2
0,11,470,2016,67.0,1
0,9,200,2015,114.0,2
0,11,470,2015,67.0,1
0,11,470,2014,77.0,1
0,11,289,2018,105.0,2
0,11,470,2016,63.0,1
0,11,281,2019,59.0,2
1,12,434,2019,2.0,1
0,11,326,2017,102.0,2
0,9,129,2017,81.0,0
1,12,297,2019,1.0,2
0,11,274,2019,84.0,2
0,8,185,2019,101.0,2
0,9,326,2019,116.0,2
0,9,319,2018,177.0,2
1,11,421,2019,1.0,1
1,11,410,2019,2.0,1
0,11,344,2019,130.0,2
0,11,470,2019,59.0,1
1,12,422,2019,1.0,1
0,11,319,2018,111.0,2
0,9,350,2019,100.0,2
0,11,209,2019,77.0,2
1,9,379,2019,2.0,1
0,11,319,2019,93.0,2
1,11,107,2019,1.0,0
0,11,274,2019,114.0,2
1,13,422,2018,3.0,1
0,11,470,2018,58.0,1
0,11,470,2018,56.0,1
0,9,32,2008,110.0,0
0,9,217,2013,98.0,2
0,9,25,2004,106.0,0
0,11,52,2007,102.0,0
1,11,394,2019,1.0,1
0,11,217,2019,81.0,2
1,9,472,2019,6.0,1
1,14,433,2019,3.0,1
1,11,418,2019,1.0,1
1,9,379,2019,1.0,1
0,9,513,2019,98.0,1
0,9,39,2018,136.0,0
1,14,433,2019,3.0,1
1,9,394,2019,1.0,1
0,12,326,2018,161.0,2
0,9,185,2019,32.0,2
1,12,80,2010,1.0,0
1,9,85,2011,1.0,0
1,9,80,2015,1.0,0
1,12,80,2017,1.0,0
1,14,432,2019,2.0,1
0,11,199,2019,105.0,2
1,11,412,2019,3.0,1
0,11,319,2018,106.0,2
1,11,385,2019,1.0,1
0,11,332,2019,90.0,2
1,9,379,2019,1.0,1
1,9,408,2019,1.0,1
0,11,0,2019,87.0,0
0,9,281,2017,91.0,2
1,13,422,2019,1.0,1
0,9,283,2019,106.0,2
0,11,470,2019,65.0,1
1,10,112,2019,3.0,0
0,10,284,2019,105.0,2
1,9,394,2019,1.0,1
0,9,274,2016,40.0,2
1,11,416,2019,2.0,1
1,9,507,2019,3.0,1
1,11,307,2019,1.0,2
1,11,385,2019,2.0,1
1,9,394,2019,1.0,1
1,9,394,2019,1.0,1
1,9,383,2019,1.0,1
1,12,430,2008,1.0,1
1,13,422,2018,2.0,1
0,11,470,2019,66.0,1
1,13,422,2015,1.0,1
1,14,433,2018,1.0,1
1,11,80,2018,1.0,0
0,11,281,2013,61.0,2
0,11,351,2019,122.0,2
0,9,332,2019,141.0,2
1,11,453,2011,2.0,1
0,11,200,2019,176.0,2
1,11,234,2019,3.0,2
0,9,281,2018,73.0,2
1,11,236,2019,1.0,2
1,11,385,2019,2.0,1
0,11,55,2017,87.0,0
1,13,439,2019,2.0,1
1,11,399,2018,3.0,1
0,12,321,2019,15.0,2
1,11,243,2019,1.0,2
0,11,470,2019,55.0,1
0,12,366,2018,141.0,2
0,9,368,2012,122.0,2
0,9,281,2019,109.0,2
0,11,470,2019,63.0,1
1,9,80,2019,2.0,0
0,8,52,2019,96.0,0
0,11,319,2019,113.0,2
1,11,391,2019,1.0,1
0,11,5,1998,69.0,0
1,11,297,2019,2.0,2
1,12,428,2019,2.0,1
1,11,80,2013,2.0,0
1,11,80,1995,1.0,0
1,9,256,2018,3.0,2
1,9,385,2019,2.0,1
1,11,234,2019,2.0,2
0,11,5,1997,87.0,0
0,11,347,2019,116.0,2
0,9,332,2019,116.0,2
0,11,321,2019,110.0,2
0,9,281,2019,122.0,2
0,11,470,2019,59.0,1
0,8,513,2015,88.0,1
0,11,199,2018,91.0,2
1,11,80,2012,2.0,0
1,11,80,2014,1.0,0
0,12,274,2019,40.0,2
0,9,220,2019,113.0,2
0,9,319,2018,90.0,2
1,9,80,2011,1.0,0
1,11,393,2019,1.0,1
1,11,235,2019,1.0,2
1,11,244,2017,1.0,2
1,12,446,2019,1.0,1
1,11,244,2019,2.0,2
0,12,125,2019,95.0,0
1,11,241,2019,2.0,2
1,11,488,2019,5.0,1
1,11,109,2019,1.0,0
1,9,487,2018,2.0,1
1,11,256,2019,3.0,2
0,7,185,2019,98.0,2
1,11,241,2019,1.0,2
1,11,414,2019,1.0,1
0,12,274,2019,61.0,2
0,11,350,2019,117.0,2
0,11,470,2019,60.0,1
0,11,288,2019,142.0,2
1,13,422,2011,1.0,1
0,11,319,2018,74.0,2
1,11,265,2019,3.0,2
0,11,327,2019,119.0,2
0,12,373,2019,114.0,2
0,12,220,2019,125.0,2
0,6,121,2019,71.0,0
0,12,141,2019,110.0,0
0,11,208,2018,127.0,2
1,13,422,2019,1.0,1
1,11,498,2019,1.0,1
0,11,288,2019,118.0,2
0,11,326,2019,90.0,2
0,9,69,2016,130.0,0
1,11,109,2019,5.0,0
0,11,330,2015,12.0,2
0,9,470,2019,62.0,1
0,13,149,2014,3.0,0
1,9,487,2019,3.0,1
1,10,430,2019,1.0,1
1,11,381,2019,1.0,1
0,9,326,2019,114.0,2
1,9,412,2019,1.0,1
0,11,319,2017,128.0,2
1,9,85,2017,2.0,0
0,11,217,2019,109.0,2
0,9,56,2019,109.0,0
1,11,262,2019,2.0,2
0,11,199,2019,101.0,2
1,11,235,2019,1.0,2
0,11,326,2019,103.0,2
0,11,200,2019,98.0,2
1,11,262,2019,1.0,2
0,11,375,2019,123.0,2
1,11,472,2019,1.0,1
0,12,274,2019,38.0,2
1,11,292,2017,1.0,2
0,11,319,2019,101.0,2
0,9,51,2019,99.0,0
1,11,461,2018,2.0,1
0,11,355,2019,91.0,2
1,11,505,2019,1.0,1
0,11,229,2019,30.0,2
0,12,281,2019,30.0,2
0,9,25,2018,137.0,0
0,11,470,2019,66.0,1
1,10,433,2019,2.0,1
1,11,241,2018,2.0,2
1,11,235,2019,1.0,2
0,9,281,2014,70.0,2
0,9,281,2016,87.0,2
0,11,281,2018,88.0,2
1,11,487,2019,1.0,1
0,11,52,2019,90.0,0
0,9,288,2019,84.0,2
0,11,470,2019,53.0,1
0,11,342,2019,87.0,2
1,11,108,2019,2.0,0
0,12,138,2019,90.0,0
0,11,319,2018,96.0,2
0,12,125,2019,94.0,0
1,13,111,2017,1.0,0
0,11,319,2018,108.0,2
1,13,427,2017,1.0,1
1,9,394,2019,1.0,1
0,8,36,2019,102.0,0
1,9,80,2018,1.0,0
0,11,185,2019,61.0,2
0,11,274,2018,94.0,2
0,10,125,2019,70.0,0
0,9,274,2018,88.0,2
1,9,244,2019,1.0,2
0,11,319,2018,100.0,2
0,11,319,2019,111.0,2
0,9,22,2011,128.0,0
1,11,488,2019,3.0,1
0,11,200,2018,98.0,2
1,11,297,2019,1.0,2
1,11,244,2019,2.0,2
1,9,394,2016,1.0,1
1,11,506,2019,1.0,1
0,8,185,2019,104.0,2
0,11,39,2018,126.0,0
1,12,412,2015,1.0,1
1,12,409,2016,1.0,1
1,9,394,2016,1.0,1
1,12,394,2015,1.0,1
1,9,394,2015,1.0,1
1,12,412,2016,1.0,1
1,9,393,2015,1.0,1
1,12,412,2016,1.0,1
1,9,415,2016,1.0,1
1,9,238,2019,1.0,2
1,9,410,2019,1.0,1
1,9,412,2019,1.0,1
1,9,244,2019,1.0,2
1,9,412,2019,1.0,1
0,11,281,2019,86.0,2
0,11,372,2019,125.0,2
0,9,285,2019,40.0,2
1,11,241,2019,1.0,2
1,14,433,2019,2.0,1
0,11,220,2019,79.0,2
0,8,318,2019,110.0,2
1,12,446,2019,1.0,1
0,11,332,2018,128.0,2
0,9,230,2019,110.0,2
1,11,487,2019,1.0,1
0,12,200,2018,116.0,2
0,8,0,2013,119.0,0
1,11,80,2008,2.0,0
0,11,288,2018,90.0,2
0,6,274,2019,88.0,2
0,11,350,2018,104.0,2
0,9,200,2019,140.0,2
0,11,217,2019,92.0,2
1,9,404,2014,1.0,1
0,11,470,2019,64.0,1
1,11,410,2018,1.0,1
1,11,77,2018,1.0,0
1,9,410,2013,1.0,1
1,9,411,2009,1.0,1
1,11,410,2012,1.0,1
1,11,240,2004,1.0,2
1,11,477,2018,3.0,1
0,11,319,2018,119.0,2
1,11,241,2018,5.0,2
1,11,509,2019,1.0,1
0,11,220,2019,91.0,2
0,11,200,2019,122.0,2
0,12,200,2018,125.0,2
0,9,288,2019,49.0,2
1,12,291,2019,1.0,2
1,8,512,2015,1.0,1
0,11,326,2018,168.0,2
0,11,288,2019,98.0,2
0,9,274,2019,77.0,2
1,11,404,2005,1.0,1
1,11,409,2019,1.0,1
0,9,319,2019,102.0,2
1,11,390,2017,1.0,1
1,12,80,2019,1.0,0
1,11,409,2019,2.0,1
0,8,230,2019,92.0,2
0,11,326,2019,111.0,2
0,8,319,2014,113.0,2
0,11,470,2019,54.0,1
0,11,288,2019,138.0,2
0,8,200,2013,123.0,2
0,13,121,2019,59.0,0
0,11,200,2001,102.0,2
0,9,368,2005,141.0,2
0,11,289,2018,95.0,2
0,11,329,2003,111.0,2
0,9,219,2003,131.0,2
0,9,220,2003,116.0,2
0,9,330,2018,119.0,2
0,9,329,2005,146.0,2
0,12,22,2016,101.0,0
0,11,345,2018,87.0,2
1,11,460,2019,4.0,1
0,11,326,2019,94.0,2
0,11,350,2014,133.0,2
0,11,350,2013,135.0,2
0,11,470,2019,61.0,1
1,11,487,2019,1.0,1
0,9,230,2019,91.0,2
1,9,460,2018,7.0,1
1,11,383,2019,1.0,1
0,9,470,2019,59.0,1
0,7,359,2019,91.0,2
1,12,425,2019,1.0,1
0,9,328,2018,131.0,2
0,9,22,2019,170.0,0
1,11,291,2017,1.0,2
0,11,60,2019,88.0,0
1,11,108,2015,3.0,0
1,11,243,2017,2.0,2
1,12,300,2019,1.0,2
0,9,22,2019,170.0,0
1,11,244,2019,1.0,2
1,12,422,2017,1.0,1
1,11,291,2019,3.0,2
1,14,422,2019,8.0,1
1,11,241,2019,1.0,2
0,9,199,2019,92.0,2
1,11,238,2019,1.0,2
0,11,470,2019,59.0,1
0,11,350,2018,126.0,2
1,9,394,2018,1.0,1
0,9,200,2019,120.0,2
0,11,326,2015,76.0,2
0,11,470,2019,60.0,1
1,14,433,2018,1.0,1
0,9,370,2016,103.0,2
0,11,319,2018,124.0,2
1,11,379,2013,1.0,1
0,11,185,2017,91.0,2
1,9,80,2019,1.0,0
0,9,345,2019,88.0,2
0,9,319,2018,81.0,2
1,13,110,2017,1.0,0
0,9,199,2019,124.0,2
0,11,331,2019,102.0,2
1,11,414,2019,1.0,1
1,11,493,2019,3.0,1
0,8,309,2019,132.0,2
0,11,274,2019,87.0,2
1,9,412,2018,1.0,1
1,11,109,2019,1.0,0
1,11,412,2018,3.0,1
1,11,386,2018,2.0,1
0,11,350,2017,75.0,2
0,12,329,2008,126.0,2
0,12,470,2019,61.0,1
0,9,22,2018,126.0,0
1,9,242,2018,1.0,2
0,11,25,2018,108.0,0
0,11,25,2017,100.0,0
1,13,422,2019,1.0,1
1,11,241,2019,1.0,2
1,11,244,2019,1.0,2
0,11,330,2018,129.0,2
0,11,288,2019,71.0,2
1,9,412,2018,1.0,1
0,11,202,2019,108.0,2
1,11,500,2019,2.0,1
0,12,284,2019,60.0,2
1,13,422,2007,1.0,1
1,9,410,2019,1.0,1
0,9,25,2014,105.0,0
0,9,25,2016,115.0,0
0,11,200,2016,118.0,2
0,11,329,2016,130.0,2
0,12,369,2016,115.0,2
0,11,284,2019,69.0,2
1,9,412,2018,1.0,1
0,12,319,2018,97.0,2
1,11,394,2019,1.0,1
0,11,470,2019,61.0,1
0,7,199,2014,92.0,2
1,11,393,2019,1.0,1
0,11,200,2018,108.0,2
0,11,52,2017,104.0,0
0,11,470,2019,65.0,1
0,8,327,2018,106.0,2
1,11,394,2018,1.0,1
0,11,470,2006,69.0,1
0,11,470,2011,97.0,1
0,11,470,2012,80.0,1
0,11,470,2008,85.0,1
0,9,289,2018,98.0,2
1,9,412,2018,1.0,1
0,9,39,2018,115.0,0
1,14,110,2018,2.0,0
1,9,234,2019,1.0,2
1,11,108,2019,1.0,0
0,9,329,2007,117.0,2
0,9,329,2016,132.0,2
0,11,200,2016,127.0,2
0,9,369,2017,125.0,2
0,11,200,2017,128.0,2
1,9,414,2018,1.0,1
1,9,411,2018,1.0,1
0,8,0,2019,126.0,0
0,11,470,2019,58.0,1
1,9,394,2018,1.0,1
1,9,412,2017,1.0,1
1,11,474,2018,3.0,1
1,9,394,2018,1.0,1
1,11,414,2018,1.0,1
0,9,25,2018,116.0,0
1,11,413,2018,1.0,1
0,11,322,2019,90.0,2
0,11,319,2019,111.0,2
1,12,412,2018,1.0,1
0,12,138,2019,100.0,0
0,11,203,2018,99.0,2
0,9,217,2012,105.0,2
0,9,329,2014,128.0,2
0,11,329,2015,91.0,2
0,11,329,2015,127.0,2
1,11,262,2016,1.0,2
1,11,414,2016,2.0,1
1,11,379,2017,1.0,1
0,11,0,2019,94.0,0
0,9,329,2015,124.0,2
0,11,329,2011,103.0,2
0,11,326,2018,118.0,2
0,11,39,2018,162.0,0
0,11,281,2018,89.0,2
0,11,284,2018,89.0,2
0,9,283,2018,108.0,2
0,11,217,2018,103.0,2
1,11,292,2019,1.0,2
1,14,424,2019,2.0,1
1,11,291,2019,1.0,2
1,9,498,2019,1.0,1
0,10,125,2014,87.0,0
0,9,353,2018,93.0,2
0,10,125,2012,90.0,0
0,9,328,2018,131.0,2
0,12,140,2019,114.0,0
1,9,85,2018,3.0,0
0,11,52,2018,107.0,0
0,6,121,2008,97.0,0
0,11,332,2018,103.0,2
0,11,319,2018,125.0,2
0,11,329,2015,130.0,2
0,9,25,2015,119.0,0
0,12,220,2014,110.0,2
0,9,200,2017,120.0,2
0,12,319,2018,102.0,2
0,9,200,2013,125.0,2
0,12,220,2013,127.0,2
0,9,200,2017,121.0,2
0,9,329,2014,113.0,2
0,11,328,2015,118.0,2
0,11,329,2012,132.0,2
1,11,262,2018,1.0,2
0,11,470,2006,61.0,1
0,12,319,2018,80.0,2
0,11,326,2018,110.0,2
0,11,470,2016,70.0,1
1,11,297,2019,6.0,2
0,11,326,2019,117.0,2
0,11,199,2019,89.0,2
0,11,319,2019,84.0,2
0,12,319,2018,131.0,2
1,12,104,2018,2.0,0
1,12,422,2018,2.0,1
0,11,332,2018,139.0,2
0,12,470,2001,42.0,1
0,11,285,2017,79.0,2
0,9,319,2018,96.0,2
0,8,39,2015,114.0,0
0,11,274,2018,99.0,2
0,11,330,2018,111.0,2
0,11,319,2017,112.0,2
0,9,274,2018,96.0,2
0,11,199,2012,103.0,2
0,11,319,2017,104.0,2
0,9,326,2004,102.0,2
0,9,200,2012,97.0,2
1,11,410,2015,1.0,1
1,11,306,2019,1.0,2
0,9,329,2018,132.0,2
0,11,220,2006,120.0,2
0,9,326,2002,137.0,2
1,11,235,2019,1.0,2
0,11,212,2018,82.0,2
1,9,401,2017,1.0,1
0,9,220,2008,115.0,2
0,11,217,2018,130.0,2
1,13,422,2018,3.0,1
0,11,470,2019,62.0,1
1,9,391,2018,2.0,1
0,12,274,2018,26.0,2
1,9,394,2018,1.0,1
1,11,244,2018,2.0,2
0,11,343,2019,91.0,2
0,12,125,2019,63.0,0
1,12,487,2019,3.0,1
0,11,288,2019,74.0,2
0,11,319,2018,136.0,2
1,11,409,2017,1.0,1
1,9,244,2018,1.0,2
1,11,238,2018,1.0,2
0,11,470,2019,59.0,1
1,11,97,2018,1.0,0
1,11,412,2018,1.0,1
1,9,81,2018,1.0,0
1,9,379,2019,1.0,1
0,11,357,2018,91.0,2
0,9,319,2017,93.0,2
0,11,274,2016,84.0,2
0,11,200,2018,100.0,2
0,10,138,2019,51.0,0
0,14,442,2014,22.0,1
0,14,121,2018,22.0,0
0,13,121,2017,22.0,0
1,14,422,2018,2.0,1
1,11,488,2019,1.0,1
1,11,244,2018,1.0,2
1,11,80,2018,1.0,0
0,13,121,2019,24.0,0
0,8,344,2019,113.0,2
0,12,209,2018,110.0,2
0,11,200,2017,120.0,2
1,13,422,2018,1.0,1
0,9,326,2010,56.0,2
0,9,328,2010,127.0,2
0,9,319,2017,74.0,2
0,9,470,2019,91.0,1
0,11,326,2018,137.0,2
0,11,330,2018,86.0,2
0,11,274,2018,106.0,2
0,9,329,2012,125.0,2
0,11,319,2018,114.0,2
0,9,326,2016,143.0,2
0,9,312,2015,121.0,2
0,9,312,2017,119.0,2
1,11,412,2018,1.0,1
1,11,477,2018,5.0,1
0,11,326,2018,150.0,2
0,11,350,2018,88.0,2
1,11,109,2018,1.0,0
1,11,399,2019,4.0,1
1,11,235,2019,1.0,2
0,11,217,2018,105.0,2
0,11,52,2019,119.0,0
1,9,393,2017,1.0,1
1,11,234,2019,1.0,2
0,11,328,2018,96.0,2
1,11,244,2017,1.0,2
0,11,52,2019,95.0,0
0,11,274,2019,98.0,2
0,9,341,2019,96.0,2
1,11,258,2019,2.0,2
1,9,394,2017,1.0,1
0,9,281,2018,96.0,2
0,11,281,2019,90.0,2
0,11,319,2018,97.0,2
1,10,100,2019,3.0,0
1,11,305,2019,1.0,2
0,9,274,2017,90.0,2
0,9,326,2016,88.0,2
0,9,212,2018,105.0,2
0,9,375,2018,127.0,2
1,9,394,2002,1.0,1
0,11,39,2017,125.0,0
0,9,350,2018,116.0,2
0,11,52,2018,102.0,0
0,11,470,2019,65.0,1
0,11,350,2016,106.0,2
0,11,350,2017,117.0,2
1,9,412,2016,1.0,1
0,11,326,2018,136.0,2
0,11,200,2017,104.0,2
1,11,386,2018,1.0,1
1,11,460,2019,2.0,1
1,11,487,2018,4.0,1
1,14,111,2019,2.0,0
0,11,288,2019,65.0,2
0,11,319,2018,91.0,2
0,11,197,2019,99.0,2
1,13,427,2017,4.0,1
1,11,405,2018,1.0,1
0,12,5,2018,91.0,0
0,9,200,2018,117.0,2
0,9,319,2018,95.0,2
0,11,351,1999,101.0,2
0,9,319,2018,102.0,2
0,11,328,2018,122.0,2
0,12,199,2018,95.0,2
1,9,394,2017,1.0,1
1,9,394,2013,1.0,1
0,6,15,1975,92.0,0
1,12,430,2019,3.0,1
0,9,219,2015,111.0,2
1,11,472,2019,13.0,1
0,11,319,2018,115.0,2
0,11,470,2012,61.0,1
0,14,66,2017,97.0,0
0,11,375,2017,120.0,2
0,11,319,2017,148.0,2
1,11,412,2018,2.0,1
1,12,446,2019,1.0,1
0,11,470,2010,48.0,1
0,11,470,1991,28.0,1
0,11,274,2015,34.0,2
0,11,470,1992,61.0,1
0,11,470,1993,56.0,1
0,11,470,1989,81.0,1
0,11,470,2013,68.0,1
0,11,470,2008,58.0,1
0,11,283,2016,100.0,2
0,11,470,1987,50.0,1
0,11,470,1991,49.0,1
0,11,470,1991,71.0,1
0,11,274,2016,29.0,2
0,9,209,2018,108.0,2
0,12,443,2018,125.0,1
0,9,5,2018,100.0,0
0,11,470,1990,30.0,1
0,11,470,1991,30.0,1
0,11,445,2011,146.0,1
0,11,445,2008,127.0,1
0,11,470,2012,46.0,1
0,9,470,2011,57.0,1
1,9,512,1925,1.0,1
1,11,244,2018,1.0,2
0,11,326,2018,122.0,2
0,11,330,2018,312.0,2
1,11,243,2015,1.0,2
0,11,22,2012,109.0,0
1,11,234,2018,1.0,2
1,9,417,2018,1.0,1
0,9,281,2018,73.0,2
0,11,332,2018,96.0,2
1,12,472,2018,1.0,1
1,9,393,2011,1.0,1
1,12,107,2018,1.0,0
1,9,244,2018,1.0,2
1,11,117,2018,5.0,0
1,11,394,2018,1.0,1
1,12,291,2018,1.0,2
0,11,200,2018,105.0,2
0,8,342,2018,124.0,2
1,9,393,2017,1.0,1
1,9,80,2018,2.0,0
1,11,393,2017,1.0,1
1,9,394,2016,1.0,1
1,11,244,2018,1.0,2
1,11,84,2018,1.0,0
0,11,274,2018,105.0,2
1,11,405,2018,1.0,1
0,8,350,2011,78.0,2
0,12,442,2018,22.0,1
1,9,80,2015,2.0,0
0,11,52,2012,95.0,0
0,11,375,2015,82.0,1
0,11,332,2014,89.0,2
0,11,319,2018,90.0,2
1,11,472,2018,1.0,1
0,11,319,2018,85.0,2
0,10,125,2018,29.0,0
0,9,200,2018,137.0,2
1,9,393,2018,1.0,1
0,12,125,2014,27.0,0
1,12,433,2011,1.0,1
0,8,344,2014,112.0,2
0,8,197,2014,112.0,2
0,11,443,2018,153.0,1
0,7,337,2014,123.0,2
0,12,149,2018,90.0,0
1,11,108,2018,2.0,0
0,9,200,2017,84.0,2
0,11,288,2018,78.0,2
0,11,288,2018,79.0,2
0,12,288,2018,73.0,2
0,11,288,2018,83.0,2
0,9,281,2017,83.0,2
0,11,332,2018,145.0,2
1,9,379,2018,1.0,1
1,11,96,2018,1.0,0
0,8,319,2018,135.0,2
1,11,487,2018,1.0,1
1,11,234,2018,1.0,2
1,11,244,2018,1.0,2
1,11,244,2018,3.0,2
1,14,422,2018,8.0,1
1,11,80,2018,1.0,0
0,12,274,2018,35.0,2
0,11,470,2018,68.0,1
0,9,217,2018,96.0,2
1,11,244,2018,1.0,2
0,7,199,2018,110.0,2
0,10,138,2018,58.0,0
0,7,11,2018,105.0,0
1,11,496,2018,2.0,1
1,11,412,2018,1.0,1
0,11,288,2018,59.0,2
0,13,121,2018,28.0,0
0,11,274,2018,98.0,2
0,11,470,2018,63.0,1
1,9,382,2018,2.0,1
1,11,238,2018,1.0,2
0,9,25,2018,155.0,0
0,9,329,2011,122.0,2
0,11,375,2009,87.0,1
0,11,281,2018,73.0,2
0,11,329,2018,98.0,2
0,11,25,2013,130.0,0
0,9,220,2014,105.0,2
0,9,200,2014,110.0,2
0,9,326,2018,81.0,2
0,12,220,2011,115.0,2
0,9,220,2014,113.0,2
0,9,39,2015,146.0,0
1,10,423,2017,1.0,1
0,9,52,2015,118.0,0
0,11,39,2016,109.0,0
0,9,220,2009,117.0,2
0,13,442,2018,23.0,1
0,11,25,2010,95.0,0
0,11,319,2017,124.0,2
0,11,289,2017,90.0,2
0,11,217,2013,96.0,2
0,11,326,2008,96.0,2
1,11,244,2018,1.0,2
0,12,143,2018,93.0,0
0,13,121,2018,30.0,0
1,12,446,2018,1.0,1
0,11,326,2018,82.0,2
0,7,319,2018,127.0,2
1,11,394,2018,1.0,1
0,11,319,2018,114.0,2
0,11,200,2018,119.0,2
1,14,422,2018,2.0,1
0,11,25,2018,101.0,0
0,11,319,2018,96.0,2
1,11,472,2018,1.0,1
1,12,422,2015,1.0,1
0,13,121,2018,44.0,0
1,11,405,2018,3.0,1
1,11,241,2018,1.0,2
1,11,108,2018,2.0,0
1,9,495,2018,2.0,1
0,12,125,2018,104.0,0
0,11,217,2018,91.0,2
1,14,422,2018,1.0,1
1,14,433,2017,1.0,1
0,6,125,2018,91.0,0
0,11,350,2018,114.0,2
0,9,209,2018,91.0,2
1,12,446,2018,1.0,1
0,11,470,2018,64.0,1
0,3,274,2007,89.0,2
1,9,394,2017,1.0,1
1,9,468,2016,1.0,1
1,9,457,2016,1.0,1
0,11,349,2018,95.0,2
0,11,200,2018,94.0,2
1,10,437,2018,2.0,1
0,8,197,2018,133.0,2
0,10,143,2018,102.0,0
1,11,293,2018,1.0,2
0,12,319,2018,122.0,2
1,13,86,2017,1.0,0
0,6,220,2017,86.0,2
0,9,199,2018,111.0,2
0,11,350,2018,111.0,2
0,11,281,2015,136.0,2
0,9,212,2018,121.0,2
0,9,350,2018,119.0,2
0,9,326,2017,115.0,2
0,11,52,2018,128.0,0
0,9,443,2018,92.0,1
1,11,244,2018,1.0,2
1,12,294,2017,1.0,2
0,9,220,2009,99.0,2
0,11,217,2017,106.0,2
1,11,307,2018,1.0,2
0,8,36,2018,122.0,0
1,11,409,2018,1.0,1
1,11,241,2018,1.0,2
1,13,440,2018,2.0,1
1,11,446,2018,1.0,1
1,11,246,2017,1.0,2
1,11,262,2017,1.0,2
0,9,326,2018,129.0,2
0,11,470,2018,90.0,1
1,9,409,2003,7.0,1
0,11,218,2018,116.0,2
1,10,422,2018,1.0,1
0,9,288,2018,59.0,2
0,10,337,2018,95.0,2
0,8,175,2018,122.0,0
0,11,274,2018,98.0,2
0,9,219,2009,117.0,2
0,9,375,2008,95.0,2
0,9,328,2015,146.0,2
0,9,326,2013,136.0,2
0,9,39,2011,91.0,0
0,9,328,2018,123.0,2
0,9,200,2012,144.0,2
0,9,200,2010,121.0,2
0,12,369,2018,91.0,2
0,9,200,2006,158.0,2
1,13,427,2015,2.0,1
0,9,328,2007,157.0,2
0,9,219,2009,124.0,2
0,12,217,2010,106.0,2
0,11,363,2018,92.0,2
0,11,470,2017,80.0,1
1,11,291,2018,3.0,2
0,9,332,2015,126.0,2
0,11,223,2013,129.0,2
0,9,375,2012,133.0,2
0,9,200,2007,109.0,2
0,11,326,2012,143.0,2
0,9,25,2013,140.0,0
0,9,219,2012,150.0,2
0,12,219,2013,128.0,2
0,11,331,2013,120.0,2
0,9,219,2012,154.0,2
0,11,470,2006,45.0,1
0,9,200,2015,132.0,2
0,9,328,2007,126.0,2
0,11,470,2013,95.0,1
0,11,326,2008,135.0,2
0,9,219,2014,139.0,2
0,11,326,2011,131.0,2
0,9,200,2008,118.0,2
0,9,39,2010,129.0,0
0,9,332,2014,131.0,2
0,9,328,2013,146.0,2
0,9,219,2013,123.0,2
0,9,332,2014,141.0,2
0,11,470,2015,93.0,1
1,12,114,2012,1.0,0
0,11,285,2017,91.0,2
0,11,319,2016,106.0,2
0,9,200,2008,131.0,2
0,12,199,2014,95.0,2
0,6,138,2011,104.0,0
0,11,332,2018,126.0,2
0,8,326,2015,118.0,2
1,11,80,2018,2.0,0
0,9,52,2006,94.0,0
0,11,328,2018,100.0,2
0,7,326,2018,126.0,2
0,11,200,2018,90.0,2
0,9,220,2018,87.0,2
0,9,274,2018,97.0,2
1,11,235,2018,1.0,2
0,11,332,2018,115.0,2
1,12,433,2009,1.0,1
1,9,487,2017,2.0,1
0,11,274,2018,93.0,2
0,9,39,2015,138.0,0
0,11,470,2018,74.0,1
1,9,394,2018,1.0,1
0,7,60,2018,102.0,0
1,11,471,2017,3.0,1
0,11,220,2018,104.0,2
1,9,393,2018,1.0,1
1,12,294,2017,1.0,2
1,12,433,2018,1.0,1
0,11,442,2018,51.0,1
0,11,442,2018,50.0,1
0,6,125,2018,86.0,0
0,11,55,2018,140.0,0
1,9,234,2018,2.0,2
1,11,254,2018,3.0,2
0,9,326,2013,122.0,2
0,13,442,2018,23.0,1
1,11,417,2017,4.0,1
0,11,52,2016,95.0,0
0,11,52,2018,121.0,0
1,11,105,2018,1.0,0
0,11,332,2018,131.0,2
1,12,433,2012,2.0,1
1,11,243,2018,5.0,2
0,11,470,2018,63.0,1
0,11,326,2017,150.0,2
0,11,326,2018,159.0,2
1,11,104,2018,1.0,0
0,9,331,2018,131.0,2
0,11,353,2018,130.0,2
1,14,248,2018,2.0,2
0,11,352,2018,99.0,2
0,11,285,2018,86.0,2
1,11,291,2018,1.0,2
0,9,350,2018,106.0,2
0,9,288,2018,57.0,2
1,12,494,2018,1.0,1
1,11,499,2018,1.0,1
0,8,318,2018,97.0,2
1,11,244,2018,1.0,2
1,12,291,2018,1.0,2
0,8,344,2018,144.0,2
1,11,244,2018,1.0,2
0,8,271,2018,110.0,2
0,11,470,2018,57.0,1
0,9,39,2018,119.0,0
1,13,422,2017,4.0,1
0,7,345,2018,94.0,2
1,9,446,2018,1.0,1
1,9,291,2018,1.0,2
1,9,80,2018,1.0,0
0,11,359,2018,89.0,2
0,8,199,2018,124.0,2
0,13,121,2018,25.0,0
1,11,382,2018,1.0,1
1,12,81,2018,1.0,0
0,7,326,2017,121.0,2
0,11,345,2017,88.0,2
0,8,0,2017,111.0,0
0,11,227,2012,81.0,2
0,11,470,2018,64.0,1
1,11,103,2014,1.0,0
0,11,274,2008,55.0,2
0,11,185,2014,137.0,2
0,11,195,2000,56.0,2
0,11,195,1998,58.0,2
0,8,185,1982,80.0,2
0,11,274,2014,94.0,2
1,11,99,2009,1.0,0
1,11,409,1972,1.0,1
1,9,93,1974,4.0,0
0,8,163,1979,94.0,0
1,11,117,2005,1.0,0
0,9,185,1989,72.0,2
0,11,274,2013,60.0,2
0,9,39,2016,140.0,0
0,6,121,2017,91.0,0
0,9,350,2009,97.0,2
0,9,39,2014,146.0,0
0,9,331,2016,118.0,2
0,9,326,2009,128.0,2
0,11,329,2009,137.0,2
0,12,367,2014,145.0,2
0,9,326,2017,141.0,2
0,9,220,2012,106.0,2
0,11,319,2018,135.0,2
0,9,328,2013,137.0,2
0,9,219,2014,129.0,2
0,12,326,2009,99.0,2
1,11,460,2018,1.0,1
0,9,25,2017,155.0,0
0,9,200,2014,142.0,2
0,9,39,2008,214.0,0
0,12,200,2015,137.0,2
0,9,328,2009,128.0,2
0,9,331,2018,151.0,2
0,9,220,2014,121.0,2
0,9,39,2009,101.0,0
0,9,200,2008,145.0,2
0,9,375,2009,147.0,2
0,9,326,2016,90.0,2
0,9,220,2012,129.0,2
0,12,200,2005,129.0,2
0,9,200,2017,136.0,2
0,12,217,2016,117.0,2
0,9,52,2012,150.0,0
0,9,52,2011,134.0,0
0,9,221,2011,100.0,2
0,13,121,2018,44.0,0
0,13,121,2018,44.0,0
0,11,199,2009,111.0,2
0,9,39,2014,147.0,0
0,9,329,2013,115.0,2
0,12,219,2013,121.0,2
0,9,39,2016,103.0,0
0,9,199,2016,73.0,2
0,9,52,2015,129.0,0
0,9,353,2014,102.0,2
0,12,219,2013,122.0,2
0,9,53,2008,155.0,0
0,9,53,2013,139.0,0
0,12,200,2015,131.0,2
0,9,200,2017,127.0,2
1,9,446,2016,1.0,1
0,9,53,2012,156.0,0
0,11,281,2018,91.0,2
0,12,219,2013,132.0,2
1,9,104,2018,1.0,0
0,9,39,2016,130.0,0
0,11,319,2010,137.0,2
0,9,53,2012,156.0,0
0,9,220,2009,132.0,2
0,9,326,2010,119.0,2
0,12,220,2015,140.0,2
0,9,329,2016,126.0,2
0,6,138,2012,107.0,0
0,11,319,2018,111.0,2
0,11,55,2018,130.0,0
0,11,36,2018,126.0,0
0,9,274,2018,24.0,2
1,11,387,2018,1.0,1
1,14,422,2018,2.0,1
1,14,433,2018,3.0,1
0,11,350,2018,108.0,2
0,11,281,2018,117.0,2
0,11,361,2018,101.0,2
1,11,449,2018,1.0,1
1,9,80,2018,1.0,0
1,11,490,2018,1.0,1
0,11,288,2018,124.0,2
0,11,470,2018,63.0,1
1,9,260,2018,1.0,2
1,12,80,2014,1.0,0
1,14,422,2016,1.0,1
1,9,244,2017,1.0,2
1,11,261,2018,2.0,2
1,12,295,2018,1.0,2
1,11,241,2018,2.0,2
1,11,472,2018,1.0,1
1,13,422,2018,1.0,1
0,11,332,2018,114.0,2
0,11,199,2018,98.0,2
1,9,392,2018,1.0,1
0,9,274,2018,100.0,2
1,11,383,2018,1.0,1
0,11,326,2018,100.0,2
1,11,472,2018,1.0,1
1,10,296,2018,1.0,2
0,11,326,2018,123.0,2
1,9,409,2004,2.0,1
1,14,422,2013,1.0,1
1,14,422,2016,1.0,1
0,11,274,2018,77.0,2
1,11,291,2018,1.0,2
1,11,256,2018,2.0,2
0,12,133,2018,106.0,0
0,7,230,2018,106.0,2
1,14,422,2018,2.0,1
0,11,332,2018,102.0,2
0,9,200,2014,146.0,2
0,11,0,2018,96.0,0
1,11,242,2018,1.0,2
1,9,264,2018,3.0,2
1,11,244,2018,1.0,2
0,11,332,2017,104.0,2
0,11,319,2018,109.0,2
0,9,319,2018,110.0,2
0,11,319,2017,110.0,2
0,12,319,2018,101.0,2
1,11,410,2018,1.0,1
0,11,331,2017,94.0,2
1,11,400,2017,1.0,1
1,11,235,2018,1.0,2
1,11,472,2018,2.0,1
0,11,220,2018,101.0,2
1,12,446,2018,3.0,1
1,12,450,2018,3.0,1
1,11,241,2017,1.0,2
0,9,52,2017,141.0,0
0,9,220,2017,120.0,2
0,9,52,2017,140.0,0
1,11,291,2018,1.0,2
0,11,470,2012,50.0,1
0,11,470,2018,57.0,1
1,11,413,2018,1.0,1
0,11,185,1998,31.0,2
1,9,410,2018,1.0,1
0,11,227,2018,90.0,2
1,11,105,2018,1.0,0
0,9,200,2017,110.0,2
0,9,39,2017,162.0,0
0,9,332,2017,139.0,2
0,7,329,2018,130.0,2
0,9,200,2017,145.0,2
0,9,185,2018,33.0,2
1,12,446,2018,1.0,1
0,11,200,2017,114.0,2
0,9,220,2018,100.0,2
0,11,470,2018,54.0,1
0,9,330,2018,150.0,2
0,11,199,2015,105.0,2
1,9,294,2018,1.0,2
1,11,298,2018,1.0,2
1,12,487,2018,1.0,1
0,12,337,2018,124.0,2
0,11,185,2018,95.0,2
0,12,289,2018,12.0,2
0,11,332,2018,104.0,2
1,9,499,2018,5.0,1
1,9,394,2018,1.0,1
1,9,414,2018,1.0,1
0,12,200,2014,143.0,2
0,9,52,2016,127.0,0
0,11,200,2018,100.0,2
0,12,70,2018,74.0,0
1,11,241,2018,1.0,2
1,14,422,2018,3.0,1
0,11,197,2018,104.0,2
0,11,332,2011,148.0,2
0,12,127,2011,127.0,0
0,11,326,2008,158.0,2
0,9,329,2016,124.0,2
0,9,328,2000,163.0,2
0,9,326,2010,121.0,2
0,11,329,2014,154.0,2
0,9,39,2014,127.0,0
0,9,219,2010,128.0,2
0,12,219,2012,98.0,2
0,9,367,2009,109.0,2
0,9,39,2016,168.0,0
0,9,332,2010,162.0,2
0,9,326,2006,159.0,2
0,9,25,2012,137.0,0
0,9,329,2015,133.0,2
0,9,220,2012,127.0,2
0,9,220,2011,131.0,2
0,12,140,2005,90.0,0
1,10,292,2018,1.0,2
0,11,274,2018,88.0,2
0,11,319,2017,87.0,2
1,11,414,2018,1.0,1
1,9,394,2018,1.0,1
1,11,409,2018,2.0,1
1,11,80,2018,2.0,0
0,12,442,2005,82.0,1
0,9,185,2012,86.0,2
1,11,487,2007,6.0,1
0,11,209,2017,100.0,2
0,11,470,2018,57.0,1
1,11,252,2018,3.0,2
0,11,41,2018,95.0,0
1,11,242,2018,1.0,2
0,9,274,2018,101.0,2
1,11,410,2018,1.0,1
0,12,326,2018,124.0,2
0,11,470,2018,72.0,1
0,11,375,2018,93.0,2
1,12,104,2018,1.0,0
1,11,292,2018,1.0,2
0,6,125,2018,92.0,0
0,11,185,2018,95.0,2
1,14,433,2018,4.0,1
1,11,410,2018,1.0,1
1,13,422,2018,2.0,1
0,6,312,2018,133.0,2
0,11,217,2018,85.0,2
1,9,295,2018,1.0,2
0,9,283,2018,105.0,2
0,9,5,2018,101.0,0
0,10,141,2018,88.0,0
1,11,472,2018,2.0,1
1,9,394,2018,1.0,1
0,11,60,2018,113.0,0
0,11,470,2018,71.0,1
0,11,347,2018,75.0,2
1,11,405,2017,2.0,1
1,11,104,2018,2.0,0
1,11,234,2018,2.0,2
1,11,379,2018,1.0,1
1,12,292,2018,2.0,2
0,9,470,2018,66.0,1
0,9,22,2018,83.0,0
0,11,319,2018,110.0,2
0,12,138,2018,88.0,0
0,11,470,2013,77.0,1
0,11,470,2012,58.0,1
0,11,470,2012,69.0,1
0,11,470,2012,61.0,1
0,9,200,2018,88.0,2
0,9,200,2006,122.0,2
0,11,470,2013,60.0,1
0,9,329,2003,166.0,2
0,9,200,2013,107.0,2
0,11,320,2018,94.0,2
0,12,127,2010,87.0,0
0,9,332,2018,92.0,2
0,9,200,2007,130.0,2
1,9,264,2017,15.0,2
0,9,350,2015,88.0,2
0,9,200,2010,128.0,2
0,11,288,2017,96.0,2
0,11,319,2018,94.0,2
0,11,470,2012,69.0,1
1,9,264,2017,1.0,2
0,11,347,2017,90.0,2
0,11,332,2018,101.0,2
1,11,104,2018,1.0,0
0,11,470,2018,77.0,1
1,11,97,2018,1.0,0
0,9,200,2018,89.0,2
0,11,274,2018,90.0,2
0,8,467,2018,98.0,1
1,14,433,2017,1.0,1
0,11,470,2018,66.0,1
1,11,409,2018,1.0,1
0,11,6,2014,103.0,0
0,11,218,2018,95.0,2
1,9,498,2018,1.0,1
0,7,319,2016,89.0,2
0,11,364,2018,74.0,2
1,11,256,2018,2.0,2
0,11,329,2018,119.0,2
0,11,470,2018,70.0,1
1,11,399,2018,1.0,1
0,11,200,2018,121.0,2
0,11,217,2018,106.0,2
0,10,281,2017,74.0,2
0,11,230,2018,106.0,2
0,7,319,2017,113.0,2
0,11,326,2017,119.0,2
1,13,422,2018,1.0,1
1,13,422,2018,1.0,1
0,11,199,2018,100.0,2
0,11,212,2018,110.0,2
0,11,470,2018,66.0,1
1,11,237,2018,1.0,2
1,9,498,2017,4.0,1
1,14,86,2008,2.0,0
0,9,326,2017,126.0,2
0,11,332,2017,130.0,2
1,11,235,2018,1.0,2
0,11,318,2018,110.0,2
0,11,284,2015,85.0,2
1,9,487,2019,4.0,1
1,11,487,2019,5.0,1
1,11,472,2018,1.0,1
0,11,332,2018,117.0,2
1,11,379,2018,1.0,1
0,11,470,2018,63.0,1
0,11,230,2018,94.0,2
0,9,470,2018,74.0,1
1,14,432,2018,3.0,1
1,11,404,2018,1.0,1
0,9,470,2018,58.0,1
0,11,220,2018,117.0,2
1,13,422,2018,1.0,1
1,14,249,2017,4.0,2
0,11,470,2007,89.0,1
0,11,281,2017,66.0,2
0,11,39,2018,158.0,0
0,7,3,1979,100.0,0
1,11,80,2009,1.0,0
0,11,470,2018,64.0,1
0,11,211,2017,92.0,2
1,9,471,2018,3.0,1
0,11,470,2018,63.0,1
1,11,237,2018,1.0,2
0,9,230,2018,105.0,2
1,12,433,2018,1.0,1
0,11,470,2018,67.0,1
0,9,217,2007,91.0,2
0,11,345,2018,92.0,2
0,3,131,2018,87.0,0
1,10,472,2018,1.0,1
0,11,342,2018,100.0,2
0,11,470,2018,113.0,1
0,12,274,2018,40.0,2
0,11,326,2018,105.0,2
1,14,422,2018,2.0,1
0,9,220,2018,94.0,2
0,11,52,2017,109.0,0
0,11,200,2017,99.0,2
0,11,217,2018,89.0,2
0,11,52,2017,92.0,0
0,11,326,2017,105.0,2
0,9,38,2017,130.0,0
0,12,281,2017,69.0,2
0,11,49,2018,98.0,0
0,11,217,2017,90.0,2
0,11,470,2018,65.0,1
0,6,220,2018,92.0,2
0,13,442,2015,19.0,1
0,13,442,2008,25.0,1
0,13,442,2015,22.0,1
0,13,442,2015,40.0,1
0,13,442,2014,22.0,1
0,13,442,2016,24.0,1
1,13,422,2016,1.0,1
0,9,326,2016,101.0,2
1,12,402,2017,1.0,1
0,8,199,2017,90.0,2
0,11,217,2017,96.0,2
1,9,412,2017,1.0,1
0,9,220,2017,115.0,2
0,11,326,2017,92.0,2
1,11,291,2018,1.0,2
0,9,143,2018,93.0,0
1,9,413,2016,2.0,1
0,11,222,2017,95.0,2
1,12,412,2016,1.0,1
0,11,274,2018,105.0,2
0,9,185,2018,117.0,2
1,12,393,2016,1.0,1
1,9,412,2016,1.0,1
0,11,470,2018,66.0,1
0,12,274,2017,97.0,2
0,13,121,2018,78.0,0
0,11,25,2018,102.0,0
0,12,470,2018,62.0,1
0,11,199,2018,97.0,2
0,11,197,2018,105.0,2
0,12,274,2018,79.0,2
0,11,200,2017,90.0,2
1,11,412,2017,1.0,1
1,11,244,2018,1.0,2
1,11,472,2018,1.0,1
0,8,60,2017,107.0,0
0,9,311,2018,105.0,2
0,11,220,2018,99.0,2
1,13,422,2018,2.0,1
0,11,319,2017,108.0,2
0,11,470,2018,66.0,1
1,11,412,2017,1.0,1
0,11,318,2018,75.0,2
0,11,324,2018,96.0,2
0,9,330,2017,95.0,2
0,9,277,2018,32.0,2
0,11,470,2018,70.0,1
0,11,199,2017,94.0,2
0,11,470,2018,78.0,1
1,11,105,2018,1.0,0
1,12,422,2017,3.0,1
0,8,346,2018,91.0,2
0,11,470,2018,75.0,1
0,11,332,2017,105.0,2
1,12,486,1993,7.0,1
0,9,332,2017,96.0,2
0,12,326,2009,132.0,2
1,11,243,2017,1.0,2
0,11,470,2012,60.0,1
1,11,108,2017,1.0,0
0,9,22,2004,171.0,0
0,9,332,2016,116.0,2
0,9,200,2007,169.0,2
0,12,329,2005,134.0,2
0,9,200,2000,159.0,2
1,11,105,2017,2.0,0
0,8,60,2017,87.0,0
0,11,324,2018,103.0,2
0,11,230,2018,78.0,2
1,11,291,2018,1.0,2
0,11,470,2018,62.0,1
0,11,342,2018,97.0,2
1,11,151,2018,12.0,0
0,8,186,2009,102.0,2
0,8,186,2006,95.0,2
1,9,291,2018,1.0,2
1,9,106,2018,1.0,0
0,11,332,2016,115.0,2
0,11,20,2018,102.0,0
0,11,326,2016,99.0,2
0,11,321,2018,74.0,2
1,11,109,2018,1.0,0
0,11,335,2018,100.0,2
0,9,328,2017,150.0,2
1,11,472,2018,2.0,1
0,12,138,2018,87.0,0
1,11,400,2018,1.0,1
0,9,274,2018,88.0,2
1,11,234,2018,1.0,2
0,11,470,2018,63.0,1
0,7,67,2016,129.0,0
0,11,200,2016,91.0,2
1,9,394,2016,1.0,1
1,11,414,2017,1.0,1
0,11,326,2017,115.0,2
0,11,39,2018,140.0,0
1,9,80,2017,1.0,0
0,11,470,2018,79.0,1
0,14,121,2018,104.0,0
1,9,80,2018,1.0,0
1,11,97,2018,1.0,0
0,11,344,2018,121.0,2
1,11,238,2018,1.0,2
0,10,284,2018,40.0,2
0,8,375,2017,94.0,2
1,11,244,2017,1.0,2
0,9,470,2018,58.0,1
0,10,135,2017,78.0,0
1,11,300,2018,1.0,2
0,11,470,2018,51.0,1
0,11,470,2018,69.0,1
0,11,350,2017,104.0,2
1,11,244,2017,1.0,2
0,11,470,2018,59.0,1
0,11,51,2018,94.0,0
0,9,329,1998,166.0,2
0,12,326,2007,155.0,2
0,9,25,2017,145.0,0
0,8,336,2016,106.0,2
0,9,217,2016,94.0,2
0,12,329,2017,127.0,2
0,11,212,2017,87.0,2
0,12,326,2004,185.0,2
0,11,217,2014,75.0,2
0,11,442,2014,89.0,1
0,11,442,2014,81.0,1
0,11,186,2008,47.0,2
0,11,442,2004,46.0,1
0,9,212,2016,125.0,2
0,9,326,2004,160.0,2
0,11,332,2017,110.0,2
0,11,442,2018,69.0,1
0,11,470,2018,67.0,1
0,11,353,2017,105.0,2
1,9,393,2016,1.0,1
1,11,416,2018,2.0,1
0,11,467,2018,127.0,1
1,11,262,2018,1.0,2
1,9,100,2017,1.0,0
0,11,332,2017,109.0,2
1,11,97,2017,2.0,0
0,12,39,2017,134.0,0
0,11,470,2018,60.0,1
1,14,429,2018,6.0,1
1,9,492,2018,1.0,1
0,11,337,2018,96.0,2
1,11,414,2017,1.0,1
0,11,470,2018,65.0,1
0,9,220,2018,133.0,2
0,9,274,2018,96.0,2
0,11,353,2018,95.0,2
0,12,281,2018,24.0,2
0,9,230,2018,97.0,2
0,12,445,2018,65.0,1
1,9,479,2017,1.0,1
0,7,60,2018,102.0,0
1,11,297,2018,1.0,2
0,11,470,2018,53.0,1
0,11,329,2017,116.0,2
0,9,200,2017,102.0,2
0,11,274,2017,86.0,2
0,11,322,2017,117.0,2
1,11,235,2016,8.0,2
0,12,281,2017,96.0,2
0,9,470,1998,69.0,1
1,11,97,2016,1.0,0
0,11,198,2017,108.0,2
0,11,185,2018,102.0,2
0,11,470,2018,61.0,1
0,11,470,2018,57.0,1
0,11,470,2018,49.0,1
1,14,433,2018,6.0,1
0,8,52,2017,87.0,0
1,11,382,2017,1.0,1
0,11,470,2018,59.0,1
0,11,470,2018,63.0,1
0,11,281,2017,69.0,2
1,11,482,2018,2.0,1
1,12,394,2017,1.0,1
0,9,470,2018,62.0,1
0,7,185,2018,108.0,2
0,11,359,2018,95.0,2
0,11,361,2017,99.0,2
1,11,391,2017,1.0,1
0,11,470,2018,62.0,1
1,9,512,2017,1.0,1
0,11,470,2018,60.0,1
0,9,55,1980,147.0,0
0,9,328,1986,153.0,2
0,12,144,2017,87.0,0
1,11,487,2018,2.0,1
0,9,326,2017,124.0,2
0,9,211,2018,94.0,2
0,11,281,2017,100.0,2
0,11,470,2018,71.0,1
0,11,470,2018,60.0,1
0,11,353,2017,135.0,2
1,12,393,2016,1.0,1
1,11,159,2017,5.0,0
0,7,359,2016,97.0,2
1,11,83,2018,1.0,0
0,9,199,2017,86.0,2
0,11,281,2017,91.0,2
1,9,80,2003,1.0,0
1,9,80,2010,5.0,0
1,11,105,2018,3.0,0
1,14,86,2000,1.0,0
1,11,244,2017,1.0,2
1,11,472,2017,1.0,1
0,8,217,2017,82.0,2
0,8,222,2016,102.0,2
1,11,244,2017,1.0,2
0,9,22,2017,105.0,0
1,9,412,2015,1.0,1
0,9,148,2017,106.0,0
0,11,211,2017,91.0,2
0,11,470,2017,61.0,1
1,9,382,2017,1.0,1
0,11,349,2017,80.0,2
1,12,99,2017,1.0,0
1,9,294,2017,1.0,2
0,11,60,2017,118.0,0
0,11,329,2017,94.0,2
0,10,125,2017,84.0,0
0,8,274,2016,103.0,2
0,11,470,2017,69.0,1
1,9,243,2017,1.0,2
1,11,379,2017,2.0,1
1,11,403,2015,1.0,1
0,10,329,2017,105.0,2
0,11,200,2017,128.0,2
0,7,211,2017,86.0,2
0,11,200,2015,109.0,2
1,9,234,2017,1.0,2
1,9,498,2017,4.0,1
0,11,470,2017,70.0,1
1,9,412,2016,1.0,1
0,11,197,2017,89.0,2
0,9,52,1986,162.0,0
0,9,328,1991,163.0,2
0,9,277,2006,91.0,2
0,14,131,2017,27.0,0
0,11,470,2017,67.0,1
0,11,220,2017,142.0,2
0,11,346,2017,78.0,2
0,13,125,2017,26.0,0
1,14,433,2017,5.0,1
1,9,412,2015,1.0,1
0,13,131,2017,46.0,0
1,12,409,2017,1.0,1
0,14,121,2017,81.0,0
0,9,319,2017,119.0,2
1,14,433,2017,1.0,1
1,9,394,2015,1.0,1
0,11,373,2016,99.0,2
1,9,498,2017,4.0,1
0,11,274,2017,96.0,2
1,11,108,2017,4.0,0
1,11,97,2017,3.0,0
0,7,217,2017,128.0,2
0,9,274,2017,114.0,2
0,11,319,2016,101.0,2
1,9,394,2017,1.0,1
1,11,409,2017,1.0,1
1,11,512,2017,1.0,1
1,11,383,2017,1.0,1
0,9,443,2017,109.0,1
1,11,498,2017,1.0,1
0,13,148,2017,51.0,0
0,12,470,2017,61.0,1
0,12,274,2017,73.0,2
0,12,143,2017,92.0,0
0,11,274,2017,94.0,2
1,11,262,2017,6.0,2
1,13,422,2017,3.0,1
0,8,318,2017,135.0,2
1,11,446,2017,1.0,1
1,9,85,2014,1.0,0
1,11,244,2015,1.0,2
0,11,470,2017,66.0,1
0,11,25,2017,126.0,0
1,11,404,2017,1.0,1
1,14,86,2017,2.0,0
1,11,487,2017,2.0,1
0,11,470,2017,54.0,1
0,11,52,2017,100.0,0
1,11,80,2017,2.0,0
0,8,274,2002,81.0,2
1,10,422,2017,6.0,1
0,8,309,2016,123.0,2
0,11,274,2017,144.0,2
0,7,200,2017,153.0,2
1,9,412,2015,1.0,1
1,11,244,2017,1.0,2
0,12,39,1978,141.0,0
0,11,375,2016,104.0,2
0,12,39,2016,97.0,0
0,10,125,2016,82.0,0
0,11,39,2017,98.0,0
1,11,412,2010,1.0,1
1,11,412,2007,1.0,1
1,9,412,2009,1.0,1
1,9,242,2008,1.0,2
1,9,412,2009,1.0,1
0,11,470,2017,84.0,1
0,8,274,2016,76.0,2
0,7,339,2017,75.0,2
0,6,125,2017,93.0,0
1,9,473,2017,1.0,1
0,9,274,2017,98.0,2
0,8,318,2016,91.0,2
0,8,64,2015,168.0,0
0,11,470,2017,68.0,1
1,11,499,2017,1.0,1
1,11,117,2017,3.0,0
0,11,344,2017,103.0,2
1,12,497,2017,2.0,1
0,9,274,2017,95.0,2
1,11,235,2017,1.0,2
0,11,0,2017,82.0,0
0,11,220,2017,94.0,2
0,11,470,2017,66.0,1
0,9,52,2017,135.0,0
1,12,394,2016,1.0,1
1,9,393,2012,1.0,1
0,9,328,2017,144.0,2
0,11,281,2015,90.0,2
1,13,422,2017,1.0,1
0,12,200,1960,158.0,2
1,10,297,2015,6.0,2
0,9,200,2016,83.0,2
0,11,326,2016,102.0,2
0,11,470,2017,52.0,1
0,11,274,2017,110.0,2
0,11,207,2017,85.0,2
0,11,199,2017,113.0,2
0,11,220,2016,88.0,2
0,11,212,2017,89.0,2
0,11,470,2017,59.0,1
1,12,80,2017,1.0,0
1,14,422,2017,2.0,1
0,11,285,2017,106.0,2
0,11,470,2017,66.0,1
0,11,332,2012,135.0,2
1,14,86,2016,1.0,0
1,14,433,2017,1.0,1
0,11,217,2017,93.0,2
0,11,281,2016,79.0,2
0,7,289,2017,107.0,2
0,14,125,2016,47.0,0
1,9,412,2012,1.0,1
1,13,422,2016,2.0,1
1,9,158,2004,4.0,0
1,12,486,2000,7.0,1
1,9,394,2013,1.0,1
1,9,394,2009,1.0,1
0,9,326,2016,118.0,2
0,11,319,2017,81.0,2
1,9,412,2017,1.0,1
1,11,100,2017,1.0,0
0,11,359,2017,103.0,2
0,9,274,2017,40.0,2
1,12,410,2015,1.0,1
0,9,337,2017,103.0,2
0,11,281,2017,85.0,2
1,9,100,2017,1.0,0
1,11,487,2017,2.0,1
1,12,412,2014,1.0,1
0,11,319,2015,104.0,2
0,11,470,2017,82.0,1
1,9,385,2017,4.0,1
1,9,511,2017,3.0,1
0,4,217,2014,112.0,2
0,11,209,2017,102.0,2
0,11,288,2017,101.0,2
0,8,325,2016,119.0,2
0,9,470,2017,62.0,1
0,13,121,2017,64.0,0
0,11,309,2017,137.0,2
0,11,274,2017,108.0,2
1,13,422,2017,2.0,1
0,3,135,2017,78.0,0
1,11,488,2017,7.0,1
0,9,274,2017,40.0,2
0,11,470,2017,71.0,1
0,9,185,2017,99.0,2
1,11,241,2016,1.0,2
0,11,470,2017,60.0,1
1,11,300,2017,1.0,2
0,11,470,2017,78.0,1
0,11,197,2016,98.0,2
0,11,470,2017,70.0,1
1,12,461,2016,1.0,1
1,9,498,2017,4.0,1
1,9,264,2016,1.0,2
1,9,500,2016,8.0,1
1,11,410,2017,1.0,1
1,12,413,2017,1.0,1
0,9,52,1988,148.0,0
0,11,281,2017,54.0,2
0,11,5,2012,92.0,0
0,11,5,2013,107.0,0
0,11,318,2006,90.0,2
0,12,220,1976,135.0,2
0,9,328,1983,151.0,2
1,12,412,2017,1.0,1
1,9,80,2007,1.0,0
1,12,297,1988,1.0,2
0,9,52,1973,132.0,0
1,14,422,2017,1.0,1
0,11,207,2017,95.0,2
0,9,219,1974,162.0,2
0,9,39,1989,163.0,0
1,11,256,2017,3.0,2
0,11,25,2016,89.0,0
0,11,289,2017,28.0,2
0,11,281,2016,103.0,2
0,9,329,1984,160.0,2
0,11,200,2016,113.0,2
0,10,125,2016,86.0,0
0,9,281,2016,83.0,2
0,11,326,2017,113.0,2
0,11,281,2016,86.0,2
0,9,470,2017,57.0,1
0,11,363,2016,98.0,2
0,8,375,2017,116.0,2
0,11,359,2017,100.0,2
0,11,470,2017,51.0,1
1,14,422,2017,5.0,1
1,11,256,2017,1.0,2
0,7,289,2011,113.0,2
0,11,60,2017,124.0,0
1,11,244,2013,1.0,2
0,11,445,2017,63.0,1
0,11,470,2015,56.0,1
1,11,244,2017,1.0,2
0,9,185,2017,94.0,2
0,11,309,2017,90.0,2
0,11,326,2015,71.0,2
0,9,230,2017,97.0,2
0,8,346,2015,83.0,2
0,9,0,2017,92.0,0
0,11,39,2017,165.0,0
0,9,39,2017,166.0,0
0,11,39,2017,166.0,0
0,9,39,2015,159.0,0
0,9,39,2015,160.0,0
0,9,39,2015,159.0,0
0,14,121,2015,22.0,0
0,7,55,2016,105.0,0
0,11,470,2017,54.0,1
0,11,289,2017,121.0,2
0,8,363,2017,103.0,2
1,11,487,2017,1.0,1
0,11,375,2017,129.0,2
1,9,415,2011,1.0,1
1,9,244,2016,1.0,2
1,9,412,2014,1.0,1
1,9,244,2015,1.0,2
0,11,200,2016,95.0,2
1,9,244,2016,1.0,2
0,13,125,2016,80.0,0
1,12,394,2016,1.0,1
1,11,240,2014,1.0,2
1,9,393,2016,1.0,1
0,9,470,2017,67.0,1
0,11,214,2016,84.0,2
0,13,144,2016,97.0,0
1,11,241,2017,1.0,2
0,11,319,2016,86.0,2
1,9,412,2011,1.0,1
1,11,93,2013,5.0,0
0,11,200,2015,114.0,2
1,11,97,2012,2.0,0
1,11,100,2009,1.0,0
1,9,291,2017,1.0,2
0,11,215,2017,84.0,2
0,11,470,2017,67.0,1
0,9,288,2016,91.0,2
0,11,470,2017,63.0,1
1,11,471,2017,1.0,1
0,11,326,2017,116.0,2
0,11,329,2017,104.0,2
0,14,125,2017,14.0,0
0,12,274,2017,89.0,2
0,11,318,2017,108.0,2
0,11,470,2014,59.0,1
0,11,470,2014,74.0,1
1,14,422,2017,4.0,1
1,9,417,2017,4.0,1
1,12,394,2015,1.0,1
1,9,412,2012,1.0,1
1,9,412,2012,1.0,1
0,11,211,2017,84.0,2
1,9,405,2008,1.0,1
0,9,200,2012,97.0,2
1,11,414,2016,1.0,1
0,6,144,2011,95.0,0
1,9,244,2014,1.0,2
0,12,328,1966,116.0,2
1,13,433,2012,1.0,1
1,9,412,2010,1.0,1
0,11,470,2018,86.0,1
1,11,394,2016,3.0,1
0,9,176,1971,153.0,0
1,13,110,2015,1.0,0
0,11,319,2013,104.0,2
1,9,413,2014,1.0,1
0,12,200,1962,163.0,2
1,9,394,2014,1.0,1
0,9,375,2016,106.0,2
1,9,394,2011,1.0,1
1,11,244,2016,1.0,2
1,9,412,2009,1.0,1
1,9,244,2012,2.0,2
1,9,412,2014,1.0,1
0,9,326,1994,148.0,2
1,9,412,2014,1.0,1
1,9,393,2012,1.0,1
0,12,125,2016,105.0,0
1,9,264,2017,12.0,2
1,11,498,2017,1.0,1
1,14,80,2017,2.0,0
0,11,22,2017,121.0,0
0,11,470,2017,66.0,1
0,11,333,2015,102.0,2
0,9,274,2017,96.0,2
0,11,344,2017,89.0,2
0,12,331,2016,161.0,2
1,9,487,2017,5.0,1
1,14,433,2014,2.0,1
0,14,125,2017,24.0,0
0,11,470,2017,66.0,1
1,11,262,2016,2.0,2
0,11,289,2017,91.0,2
0,12,274,2017,92.0,2
1,14,422,2017,2.0,1
0,12,200,2017,104.0,2
0,11,470,2017,73.0,1
0,12,274,2017,47.0,2
0,11,470,2017,102.0,1
1,12,379,2016,1.0,1
1,12,379,2016,1.0,1
1,9,238,2017,1.0,2
1,12,238,2016,1.0,2
1,9,394,2015,1.0,1
1,9,383,2016,1.0,1
1,11,379,2017,1.0,1
0,11,325,2017,87.0,2
0,9,142,2017,117.0,0
0,11,52,2016,119.0,0
0,8,326,2016,130.0,2
1,11,105,2016,1.0,0
1,11,488,2017,2.0,1
0,11,373,2017,102.0,2
0,9,328,1993,154.0,2
0,12,274,2017,44.0,2
0,11,211,2016,96.0,2
0,9,274,2017,47.0,2
0,12,274,2017,44.0,2
0,11,319,2015,109.0,2
0,11,199,2016,89.0,2
0,11,220,2017,92.0,2
0,9,328,1993,122.0,2
0,12,282,2017,19.0,2
1,9,244,2015,1.0,2
1,14,423,2016,1.0,1
1,11,471,2015,3.0,1
0,9,25,1995,154.0,0
0,12,329,1969,152.0,2
0,9,326,1998,161.0,2
0,9,332,2016,123.0,2
1,9,412,2016,1.0,1
1,9,412,2016,1.0,1
0,12,274,2017,44.0,2
0,9,274,2011,80.0,2
0,11,470,2017,71.0,1
0,9,39,2017,153.0,0
1,11,501,2017,3.0,1
0,9,274,2017,79.0,2
0,9,39,2017,143.0,0
0,11,197,2017,123.0,2
0,11,55,2016,80.0,0
0,11,470,2017,73.0,1
0,9,5,2017,106.0,0
1,11,292,2017,1.0,2
0,11,282,2017,101.0,2
1,11,237,2017,1.0,2
0,11,470,2017,59.0,1
0,9,221,1992,164.0,2
0,9,200,1994,151.0,2
0,11,322,2016,84.0,2
0,9,442,2010,51.0,1
0,9,328,1995,142.0,2
0,11,326,2016,110.0,2
0,7,185,2016,86.0,2
1,14,430,2017,1.0,1
0,11,274,2017,101.0,2
0,11,189,2017,88.0,2
0,14,121,2017,86.0,0
0,11,470,2017,61.0,1
0,11,185,2017,81.0,2
1,13,422,2017,3.0,1
0,11,470,2017,72.0,1
0,12,135,2017,98.0,0
0,11,470,2017,64.0,1
0,11,319,2016,111.0,2
0,9,329,1996,148.0,2
0,9,200,1996,163.0,2
0,11,217,2016,95.0,2
0,11,332,2016,99.0,2
0,12,274,2017,44.0,2
0,11,329,2017,93.0,2
0,11,319,2015,89.0,2
0,11,281,2016,83.0,2
0,11,326,2016,104.0,2
0,9,274,2017,81.0,2
1,9,379,2015,1.0,1
1,9,383,2010,1.0,1
0,11,309,2017,53.0,2
0,11,344,2017,95.0,2
1,9,379,2015,1.0,1
1,11,241,2017,2.0,2
0,9,200,2016,149.0,2
0,8,326,2016,106.0,2
0,11,217,2016,108.0,2
0,11,470,2017,66.0,1
1,14,433,2016,1.0,1
1,11,487,2017,1.0,1
1,11,291,2017,1.0,2
0,11,38,2017,113.0,0
1,14,433,2017,4.0,1
0,11,322,2017,83.0,2
0,11,470,2017,50.0,1
0,12,148,2014,97.0,0
0,9,148,2014,105.0,0
0,9,148,2016,107.0,0
0,11,200,2017,99.0,2
0,9,200,2016,101.0,2
0,9,329,2016,81.0,2
0,11,200,2016,92.0,2
0,9,185,2017,131.0,2
0,11,218,2016,101.0,2
0,8,470,2016,96.0,1
0,11,185,2017,85.0,2
1,9,383,2016,1.0,1
1,11,498,2017,2.0,1
0,11,329,2016,110.0,2
0,11,215,2017,89.0,2
0,1,442,2017,88.0,1
1,11,412,2005,1.0,1
0,11,200,2016,88.0,2
0,11,309,2016,88.0,2
0,9,32,1971,143.0,0
0,11,318,2015,83.0,2
0,9,326,2014,107.0,2
0,11,274,2010,99.0,2
0,9,53,1975,134.0,0
0,11,326,2017,78.0,2
0,11,326,2016,81.0,2
0,11,332,2016,106.0,2
0,11,470,2016,51.0,1
1,11,291,2017,1.0,2
1,11,117,2016,2.0,0
0,11,322,2017,102.0,2
0,11,470,2017,63.0,1
1,14,110,2017,2.0,0
0,11,470,2017,91.0,1
0,9,274,2016,93.0,2
0,11,309,2017,93.0,2
1,11,472,2017,1.0,1
1,9,77,2015,1.0,0
0,11,274,2016,97.0,2
0,9,199,2017,92.0,2
1,13,422,2017,1.0,1
1,11,446,2015,3.0,1
0,11,332,2016,137.0,2
1,12,412,2017,1.0,1
0,6,175,1992,143.0,0
0,8,39,2001,168.0,0
0,11,25,2006,117.0,0
0,12,276,2016,87.0,2
0,9,22,2001,160.0,0
1,12,455,2016,1.0,1
0,11,470,2017,62.0,1
0,11,331,2016,109.0,2
1,14,433,2017,1.0,1
0,11,318,2017,102.0,2
1,9,379,2016,1.0,1
0,12,329,2013,118.0,2
0,11,470,2017,57.0,1
1,9,412,2010,1.0,1
0,11,329,2016,94.0,2
1,11,381,2016,1.0,1
0,11,470,2017,71.0,1
0,9,52,2016,123.0,0
0,11,326,2015,97.0,2
0,11,52,2015,99.0,0
0,11,325,2017,97.0,2
1,14,422,2017,1.0,1
1,9,382,2016,1.0,1
1,12,393,2015,3.0,1
0,9,470,2017,67.0,1
0,11,375,2016,105.0,2
0,3,135,2016,78.0,0
0,3,148,2016,99.0,0
1,9,379,2013,1.0,1
0,11,52,2016,119.0,0
0,11,319,2015,109.0,2
1,9,383,2016,1.0,1
0,11,288,2010,107.0,2
1,12,379,2016,1.0,1
0,11,375,2016,92.0,2
0,11,326,2015,88.0,2
0,11,211,2017,71.0,2
0,11,470,2017,64.0,1
1,9,383,2016,1.0,1
1,9,80,2017,1.0,0
0,11,219,2016,97.0,2
0,11,470,2017,96.0,1
0,11,281,1977,150.0,2
0,11,228,2017,54.0,2
0,11,470,2017,78.0,1
0,11,309,2014,86.0,2
0,12,39,2015,154.0,0
0,9,22,2014,179.0,0
0,9,319,2015,93.0,2
0,11,25,2016,97.0,0
0,11,329,2016,108.0,2
0,13,125,2014,92.0,0
0,11,470,2017,78.0,1
0,11,326,2015,87.0,2
0,9,217,2016,99.0,2
0,11,373,2017,91.0,2
0,11,326,2016,102.0,2
0,11,470,2017,67.0,1
0,11,470,2017,57.0,1
0,9,326,2016,130.0,2
0,11,185,2017,80.0,2
0,11,470,2017,66.0,1
0,11,328,2008,105.0,2
0,12,326,2014,98.0,2
0,11,375,2014,91.0,2
0,11,326,2014,123.0,2
0,9,281,2016,82.0,2
0,11,359,2017,104.0,2
0,11,200,2015,109.0,2
0,9,470,2017,74.0,1
1,13,433,2017,1.0,1
0,7,353,2016,84.0,2
0,9,138,2017,98.0,0
0,14,121,2013,22.0,0
0,11,52,2016,100.0,0
0,6,149,2016,75.0,0
0,11,470,2017,69.0,1
0,11,332,2016,97.0,2
0,6,125,2007,92.0,0
0,11,319,2011,92.0,2
1,9,486,1999,7.0,1
0,11,326,2016,146.0,2
0,11,319,2016,97.0,2
1,9,379,2016,1.0,1
1,11,80,2016,2.0,0
1,9,455,2016,1.0,1
0,11,326,2016,93.0,2
0,11,445,2016,62.0,1
1,11,264,2018,2.0,2
0,14,442,2016,22.0,1
0,9,470,2016,88.0,1
0,11,309,2016,105.0,2
1,11,108,2016,1.0,0
0,11,309,2016,88.0,2
0,11,217,2015,93.0,2
1,12,379,2012,1.0,1
0,11,289,2015,98.0,2
1,9,379,2012,1.0,1
1,9,383,2012,1.0,1
1,11,383,2011,1.0,1
1,9,408,2016,1.0,1
1,9,383,2012,1.0,1
1,9,80,2001,2.0,0
1,9,379,2012,1.0,1
1,12,107,2012,5.0,0
1,12,379,2012,1.0,1
0,12,319,2016,88.0,2
1,11,412,2017,1.0,1
0,11,470,2016,31.0,1
0,11,274,2016,83.0,2
1,11,234,2016,1.0,2
0,10,148,2015,38.0,0
0,9,60,2016,108.0,0
1,9,293,2016,1.0,2
1,9,393,2016,1.0,1
0,11,199,2016,97.0,2
1,9,292,2015,1.0,2
0,11,322,2016,81.0,2
0,9,289,2016,70.0,2
0,11,445,2016,62.0,1
1,11,157,2016,3.0,0
0,11,331,2016,99.0,2
1,10,434,2016,2.0,1
0,9,274,2016,112.0,2
0,11,318,2016,90.0,2
0,12,289,2016,56.0,2
0,9,326,2014,89.0,2
0,12,309,2013,24.0,2
0,9,217,2015,100.0,2
1,12,393,2016,1.0,1
1,12,393,2015,1.0,1
0,11,332,2015,116.0,2
0,11,199,2016,92.0,2
1,9,393,2016,1.0,1
0,11,470,1979,79.0,1
0,9,319,2016,72.0,2
0,11,281,2016,92.0,2
1,9,492,2016,1.0,1
0,11,470,2016,61.0,1
0,11,344,2016,88.0,2
0,9,319,2012,113.0,2
0,11,470,2016,67.0,1
0,11,470,2012,65.0,1
0,11,470,2016,62.0,1
0,11,319,2016,107.0,2
1,11,241,2016,1.0,2
1,11,97,2016,1.0,0
0,11,470,2016,69.0,1
0,11,319,2012,77.0,2
0,9,20,2016,98.0,0
1,11,292,2009,1.0,2
0,11,470,2016,71.0,1
1,11,244,2015,1.0,2
1,14,110,2016,2.0,0
0,11,470,2016,64.0,1
0,9,274,2016,112.0,2
0,12,274,2015,59.0,2
1,9,393,2011,1.0,1
1,9,393,2013,1.0,1
1,9,393,2013,1.0,1
1,11,393,2013,1.0,1
1,9,393,2012,1.0,1
1,9,393,2012,1.0,1
0,11,274,2016,91.0,2
0,13,442,2016,44.0,1
0,11,220,2015,107.0,2
0,3,125,2016,92.0,0
0,9,353,2016,89.0,2
0,12,274,2016,107.0,2
0,9,200,2016,94.0,2
0,11,217,2016,110.0,2
1,11,409,2016,1.0,1
0,11,200,2016,81.0,2
0,11,326,2016,77.0,2
1,11,505,2016,1.0,1
0,11,470,2016,64.0,1
0,11,222,2016,97.0,2
0,11,5,2012,77.0,0
0,12,6,2008,94.0,0
0,9,6,2010,94.0,0
0,9,219,2015,91.0,2
1,9,77,2006,1.0,0
1,11,244,2015,1.0,2
1,9,81,2008,2.0,0
0,11,274,2016,80.0,2
0,11,185,2016,95.0,2
0,11,443,2016,90.0,1
0,11,274,2016,101.0,2
0,11,470,2016,73.0,1
1,13,422,2016,1.0,1
0,11,39,2016,108.0,0
0,14,125,2016,25.0,0
1,12,394,2015,1.0,1
1,9,394,2015,1.0,1
0,11,309,2016,86.0,2
0,11,326,2015,105.0,2
1,9,393,2014,1.0,1
0,11,326,2010,100.0,2
1,9,393,2014,1.0,1
1,13,422,2012,1.0,1
0,11,319,2016,96.0,2
1,12,393,2015,1.0,1
0,11,219,2015,97.0,2
0,14,125,2016,73.0,0
1,11,410,2015,1.0,1
0,14,442,2016,44.0,1
0,9,326,2016,132.0,2
1,9,394,2015,1.0,1
0,11,319,2015,96.0,2
0,11,289,2016,92.0,2
0,11,217,2013,99.0,2
1,9,393,2015,1.0,1
0,11,274,2016,92.0,2
0,11,274,2016,99.0,2
0,11,470,2016,78.0,1
1,13,422,2016,4.0,1
0,11,470,2016,65.0,1
0,11,470,2016,65.0,1
0,11,470,2016,69.0,1
0,11,470,2016,64.0,1
0,11,470,2016,63.0,1
0,11,470,2016,63.0,1
0,11,373,2016,89.0,2
0,11,470,2016,60.0,1
0,2,442,2010,88.0,1
0,12,274,2016,41.0,2
0,9,288,2012,83.0,2
0,12,274,2016,25.0,2
0,11,470,2016,94.0,1
1,9,291,2016,1.0,2
1,14,422,2016,1.0,1
1,9,99,2015,1.0,0
1,11,120,2008,1.0,0
1,11,236,2011,9.0,2
0,9,274,2016,52.0,2
1,11,394,2010,1.0,1
1,9,96,2015,1.0,0
1,14,86,2016,2.0,0
0,9,470,2016,75.0,1
0,11,335,2016,92.0,2
0,11,288,2016,80.0,2
1,9,99,2001,1.0,0
1,11,96,2015,3.0,0
0,0,442,2015,88.0,1
0,9,274,2010,46.0,2
0,9,470,2005,72.0,1
0,12,470,2009,71.0,1
0,9,470,2012,77.0,1
0,9,470,2014,70.0,1
0,11,470,2016,73.0,1
0,11,470,2011,81.0,1
0,11,274,1994,63.0,2
1,9,96,2005,1.0,0
1,10,102,2008,1.0,0
0,11,274,2008,45.0,2
1,11,400,2016,1.0,1
0,9,274,2008,46.0,2
1,14,422,2016,2.0,1
0,11,318,2016,112.0,2
1,13,422,2016,3.0,1
0,11,344,2016,101.0,2
0,11,274,2016,117.0,2
0,8,0,2015,114.0,0
0,11,212,2016,96.0,2
1,9,80,2016,2.0,0
0,11,470,2016,87.0,1
1,11,479,2016,2.0,1
0,11,319,2015,105.0,2
1,13,422,2016,1.0,1
0,11,470,2016,80.0,1
0,11,199,2016,97.0,2
0,7,39,2015,105.0,0
0,11,445,2016,60.0,1
1,11,412,2016,1.0,1
1,12,294,2016,1.0,2
1,12,294,2016,1.0,2
0,11,20,2016,109.0,0
0,11,470,2016,60.0,1
0,11,185,2016,101.0,2
0,11,289,2016,91.0,2
0,11,470,2016,66.0,1
0,11,326,2016,127.0,2
0,8,359,2016,82.0,2
1,11,80,2015,1.0,0
0,11,288,2007,70.0,2
1,13,422,2012,2.0,1
1,9,385,2016,2.0,1
0,12,125,2016,23.0,0
0,8,207,2015,97.0,2
0,11,470,2016,62.0,1
0,9,281,2016,84.0,2
0,12,126,2016,90.0,0
1,11,487,2016,1.0,1
1,9,81,2014,1.0,0
0,7,58,2016,101.0,0
0,6,149,2015,74.0,0
1,9,291,2016,1.0,2
1,13,422,2016,2.0,1
0,11,470,2016,68.0,1
1,14,422,2016,3.0,1
1,13,422,2012,1.0,1
1,11,300,2016,1.0,2
0,11,470,2016,92.0,1
0,8,39,2008,107.0,0
0,8,52,2010,108.0,0
0,11,470,2016,74.0,1
0,11,442,2015,29.0,1
1,13,433,2014,1.0,1
0,11,470,2015,60.0,1
0,9,20,2015,120.0,0
0,11,217,2015,74.0,2
0,9,227,2015,57.0,2
1,12,412,2015,1.0,1
0,11,201,2015,91.0,2
0,11,470,2015,62.0,1
1,11,487,2015,1.0,1
0,11,199,2015,85.0,2
0,13,121,2015,90.0,0
1,11,508,2015,3.0,1
0,8,211,2015,105.0,2
0,11,470,2015,59.0,1
0,11,318,2015,137.0,2
0,11,323,2015,86.0,2
0,11,281,2015,99.0,2
0,9,470,2015,64.0,1
1,12,422,2014,1.0,1
0,9,288,2015,82.0,2
0,12,274,2014,90.0,2
0,11,322,2015,80.0,2
0,11,470,2015,62.0,1
1,11,487,2015,1.0,1
0,9,290,2015,92.0,2
1,14,422,2015,2.0,1
0,8,349,2014,78.0,2
0,11,470,2015,92.0,1
0,11,470,2015,69.0,1
0,9,288,2015,103.0,2
0,11,323,2015,92.0,2
1,13,111,1992,10.0,0
0,11,200,2014,143.0,2
0,11,274,2015,83.0,2
0,11,470,2015,78.0,1
0,9,288,2015,84.0,2
0,11,470,2015,84.0,1
1,13,422,2011,1.0,1
0,11,470,2015,58.0,1
0,11,274,2015,82.0,2
0,11,470,2015,83.0,1
0,9,274,2015,29.0,2
0,11,470,2015,72.0,1
0,11,442,2014,26.0,1
0,11,470,2014,81.0,1
1,11,260,2014,3.0,2
1,10,440,1998,5.0,1
0,11,470,2014,75.0,1
0,11,281,2014,100.0,2
0,11,274,2014,90.0,2
0,11,470,2014,68.0,1
0,11,470,2014,71.0,1
0,9,274,2014,100.0,2
0,12,274,2014,94.0,2
0,11,289,2014,80.0,2
0,9,274,2013,35.0,2
1,11,498,2013,3.0,1
0,12,274,2014,93.0,2
0,11,281,2013,105.0,2
0,10,131,2013,130.0,0
0,6,137,2013,100.0,0
0,11,470,2013,80.0,1
1,9,500,2007,4.0,1
1,11,265,2013,5.0,2
0,6,274,2011,76.0,2
0,9,309,1988,95.0,2
0,11,309,1986,96.0,2
0,9,309,1986,94.0,2
0,9,309,1990,94.0,2
0,12,343,1988,93.0,2
0,12,309,1987,96.0,2
0,12,309,1989,94.0,2
0,11,309,1988,94.0,2
0,12,343,1991,93.0,2
0,9,309,1990,95.0,2
0,9,344,1991,93.0,2
0,12,139,2000,75.0,0
0,11,326,2010,103.0,2
0,11,345,2009,29.0,2
0,11,326,2007,104.0,2
0,11,325,2006,81.0,2
0,7,51,2009,80.0,0
0,7,309,2008,123.0,2
0,8,309,1997,119.0,2
0,9,350,2019,118.0,2
0,11,353,2008,143.0,2
0,9,332,2014,149.0,2
1,9,412,2018,1.0,1
0,8,344,2018,144.0,2
0,9,199,2019,124.0,2
0,12,469,2017,87.0,1
0,9,39,2018,128.0,0
0,9,326,2017,117.0,2
0,9,326,2017,100.0,2
0,5,274,2015,84.0,2
0,9,281,2020,90.0,2
0,9,230,2018,105.0,2
1,9,393,2016,1.0,1
0,11,350,2017,106.0,2
0,11,217,2010,99.0,2
0,7,60,2005,93.0,0
1,11,244,2013,1.0,2
0,12,337,2014,89.0,2
0,9,339,2017,105.0,2
0,7,0,2008,109.0,0
0,11,281,2018,93.0,2
0,9,274,2016,75.0,2
1,9,104,2017,1.0,0
0,11,324,2017,90.0,2
1,9,379,2014,1.0,1
0,5,349,2015,90.0,2
0,8,359,2014,93.0,2
0,17,442,2017,37.0,1
0,8,52,2010,113.0,0
0,11,359,2018,89.0,2
0,7,0,2006,102.0,0
0,7,185,2009,102.0,2
0,11,349,2019,90.0,2
0,11,346,2018,94.0,2
0,7,288,2013,91.0,2
0,12,366,2015,107.0,2
0,9,466,2018,95.0,1
0,8,318,2016,119.0,2
0,8,185,2013,93.0,2
1,9,412,2018,1.0,1
0,11,51,2016,101.0,0
0,8,0,2017,93.0,0
0,11,25,2018,82.0,0
0,11,274,2017,70.0,2
0,7,197,2000,104.0,2
0,11,332,2003,121.0,2
0,7,333,2015,92.0,2
0,12,331,2016,124.0,2
0,12,277,2018,53.0,2
0,9,217,2016,91.0,2
0,8,20,2011,83.0,0
0,9,326,1989,93.0,2
0,11,274,2017,81.0,2
0,5,224,2015,86.0,2
0,11,25,2017,106.0,0
0,8,203,2014,97.0,2
0,7,230,2004,99.0,2
0,8,199,2011,100.0,2
0,9,326,2012,126.0,2
0,8,39,2017,94.0,0
0,11,353,2014,103.0,2
0,8,216,2017,96.0,2
1,9,512,2019,1.0,1
0,12,219,2018,137.0,2
1,12,102,2016,1.0,0
0,8,185,2017,104.0,2
0,9,319,2016,104.0,2
0,6,341,2016,94.0,2
0,6,17,1977,176.0,0
0,8,171,1971,137.0,0
0,8,337,1993,101.0,2
0,12,281,2015,111.0,2
0,8,309,2016,110.0,2
0,9,55,2016,142.0,0
0,8,211,2012,86.0,2
1,9,394,2013,1.0,1
0,11,274,2017,93.0,2
0,8,207,2013,86.0,2
0,9,346,2019,80.0,2
0,10,132,2011,92.0,0
0,8,513,2016,96.0,1
0,11,274,2018,87.0,2
1,9,238,2010,1.0,2
0,11,217,2012,98.0,2
0,8,344,2014,125.0,2
0,7,274,2014,91.0,2
0,9,281,2017,76.0,2
0,7,186,1998,82.0,2
0,11,326,2015,111.0,2
0,11,344,2015,92.0,2
0,8,322,2013,94.0,2
0,12,143,2011,91.0,0
0,5,470,2011,44.0,1
0,11,375,2016,108.0,2
0,7,326,2011,123.0,2
0,8,211,2009,106.0,2
0,12,318,2015,89.0,2
0,7,326,2015,98.0,2
0,8,230,1996,108.0,2
0,7,185,2012,92.0,2
0,6,337,2002,102.0,2
0,11,39,2008,103.0,0
0,9,274,2017,91.0,2
0,6,121,2018,110.0,0
1,11,118,2013,2.0,0
1,9,498,2015,1.0,1
0,11,345,2019,77.0,2
0,6,12,2018,99.0,0
0,11,329,2011,122.0,2
0,11,217,2017,150.0,2
0,12,200,2013,126.0,2
0,9,326,2011,164.0,2
0,9,326,2010,115.0,2
0,9,200,2010,133.0,2
0,12,200,2015,127.0,2
0,11,39,2012,100.0,0
0,9,221,2016,131.0,2
1,12,380,2017,2.0,1
0,14,125,2012,44.0,0
0,7,200,2002,101.0,2
0,11,326,2015,90.0,2
0,11,200,2016,89.0,2
0,11,343,2015,88.0,2
0,7,336,2007,133.0,2
0,8,0,2012,110.0,0
0,5,52,2010,112.0,0
0,8,0,2018,87.0,0
1,9,487,2018,1.0,1
0,9,34,2014,91.0,0
0,8,319,2013,111.0,2
0,9,347,2017,99.0,2
0,5,185,2018,86.0,2
1,12,100,2013,1.0,0
0,5,274,2012,93.0,2
0,11,274,2018,87.0,2
0,11,318,2008,107.0,2
0,8,44,2012,89.0,0
0,11,309,2018,92.0,2
1,11,115,2017,1.0,0
1,11,394,2010,2.0,1
1,9,242,2015,1.0,2
0,9,329,2006,122.0,2
0,8,274,2012,91.0,2
1,12,100,2014,1.0,0
0,9,319,2015,127.0,2
0,9,367,2004,153.0,2
0,11,217,2017,94.0,2
0,12,121,2016,106.0,0
0,11,283,2018,102.0,2
0,6,164,1974,112.0,0
0,12,274,2017,63.0,2
0,6,133,2018,90.0,0
0,9,274,2016,89.0,2
0,8,199,2018,101.0,2
0,3,121,1989,85.0,0
0,11,375,2019,83.0,1
0,10,147,2016,92.0,0
0,11,359,2018,84.0,2
0,8,345,2006,91.0,2
0,8,0,2018,100.0,0
0,8,309,2016,103.0,2
0,8,513,2001,103.0,1
0,10,121,2013,45.0,0
0,14,121,2014,45.0,0
1,13,422,2014,5.0,1
0,10,274,2017,90.0,2
0,9,230,2019,98.0,2
0,11,200,2015,92.0,2
0,9,15,1977,172.0,0
0,9,326,2011,125.0,2
1,9,291,2014,1.0,2
0,11,274,2016,81.0,2
0,8,0,2017,112.0,0
0,8,309,1999,122.0,2
0,9,274,2017,101.0,2
1,11,262,2017,3.0,2
0,11,274,2017,53.0,2
1,12,291,2018,1.0,2
0,9,274,2018,53.0,2
0,11,513,2019,99.0,1
0,8,36,2014,95.0,0
0,8,309,1998,119.0,2
0,8,318,2016,163.0,2
0,11,289,2018,55.0,2
1,9,505,2015,1.0,1
0,8,187,2000,102.0,2
0,11,309,2019,106.0,2
0,8,283,2015,128.0,2
0,12,281,2013,80.0,2
0,3,121,1986,80.0,0
0,3,121,1991,75.0,0
0,3,121,1999,75.0,0
0,3,121,2000,79.0,0
0,9,326,2012,87.0,2
1,9,394,2012,1.0,1
0,12,310,2018,97.0,2
0,11,200,2014,85.0,2
0,11,319,2017,111.0,2
0,11,201,2017,113.0,2
1,9,300,2018,1.0,2
0,8,318,2015,90.0,2
0,8,337,2001,103.0,2
0,7,185,2003,105.0,2
0,11,319,2015,104.0,2
1,9,420,2018,1.0,1
1,9,418,2018,1.0,1
0,9,332,2013,127.0,2
0,12,121,2016,92.0,0
0,12,319,2016,72.0,2
0,7,28,2018,118.0,0
0,11,217,2017,110.0,2
0,14,121,2018,65.0,0
1,12,291,2018,5.0,2
0,11,44,2018,90.0,0
0,9,319,2007,134.0,2
1,14,86,2012,2.0,0
0,11,274,2017,89.0,2
0,5,274,2016,86.0,2
0,7,358,2011,87.0,2
0,6,25,2015,107.0,0
0,9,318,2015,79.0,2
0,9,200,2018,87.0,2
0,9,200,2011,113.0,2
0,7,230,2011,110.0,2
0,6,125,2011,98.0,0
0,8,359,2014,93.0,2
0,7,230,1997,139.0,2
0,11,358,2019,94.0,2
0,5,39,2016,133.0,0
0,11,289,2016,81.0,2
0,9,341,2018,91.0,2
0,9,220,2012,122.0,2
1,14,249,2016,1.0,2
0,9,281,2014,102.0,2
0,9,212,2016,88.0,2
0,12,274,1994,49.0,2
1,11,293,2016,1.0,2
0,8,373,2014,110.0,2
0,7,60,2018,150.0,0
0,11,283,2017,97.0,2
0,9,331,2016,129.0,2
0,9,319,2013,99.0,2
0,9,326,2005,112.0,2
0,8,318,2006,143.0,2
0,11,281,2016,61.0,2
0,5,200,2016,95.0,2
0,5,349,2014,92.0,2
0,11,325,2019,97.0,2
0,8,344,2015,90.0,2
0,8,20,1995,119.0,0
0,8,20,2003,147.0,0
1,11,117,2014,3.0,0
0,11,513,2017,83.0,1
0,11,288,2016,83.0,2
1,9,412,2013,1.0,1
0,9,326,2006,91.0,2
0,9,309,2019,117.0,2
1,11,400,2016,1.0,1
0,3,138,1995,78.0,0
0,3,121,2001,75.0,0
0,3,121,2004,78.0,0
0,11,369,2017,149.0,2
0,9,220,2015,103.0,2
0,8,199,2017,94.0,2
0,5,24,2015,95.0,0
0,11,52,2010,122.0,0
1,11,393,2016,1.0,1
0,11,326,2002,107.0,2
0,9,220,2009,126.0,2
0,11,284,2015,122.0,2
0,9,326,2009,95.0,2
0,11,281,2017,101.0,2
0,13,121,2013,74.0,0
0,13,121,2010,74.0,0
0,13,121,2015,74.0,0
0,13,121,2015,83.0,0
0,13,121,2016,79.0,0
0,14,121,2010,72.0,0
0,13,121,2011,80.0,0
0,13,121,2016,75.0,0
0,13,121,2012,75.0,0
0,13,121,2017,72.0,0
0,7,20,2015,99.0,0
0,9,217,2013,91.0,2
0,12,53,1995,166.0,0
0,8,233,1998,103.0,2
0,8,184,1992,128.0,2
1,13,422,2016,1.0,1
1,11,263,2017,5.0,2
0,7,288,2018,87.0,2
1,9,260,2015,1.0,2
1,12,101,2016,1.0,0
0,12,164,1972,125.0,0
0,9,319,1982,121.0,2
0,11,274,2015,110.0,2
0,6,203,2016,88.0,2
1,13,422,2018,1.0,1
0,10,281,2013,52.0,2
0,7,217,1997,89.0,2
0,10,136,2013,52.0,0
1,12,291,2010,1.0,2
1,9,379,2015,1.0,1
1,9,251,2016,4.0,2
1,11,393,2016,2.0,1
0,7,186,1996,81.0,2
0,7,185,1992,73.0,2
0,9,200,2008,75.0,2
0,9,217,2016,99.0,2
0,7,337,2007,121.0,2
0,6,125,2008,100.0,0
0,6,274,2016,97.0,2
0,9,281,2015,105.0,2
0,11,286,2017,100.0,2
1,11,394,2015,1.0,1
1,11,244,2010,1.0,2
0,11,329,2016,115.0,2
0,9,284,2015,99.0,2
1,9,462,2016,4.0,1
0,11,319,2016,91.0,2
1,14,422,2016,1.0,1
0,11,363,2019,90.0,2
0,6,138,2004,100.0,0
0,10,121,1978,25.0,0
0,9,222,2012,99.0,2
0,8,329,2019,120.0,2
0,9,217,2014,98.0,2
0,12,274,2017,104.0,2
0,12,329,2005,149.0,2
0,9,220,2010,112.0,2
1,14,86,2009,1.0,0
0,9,284,2013,98.0,2
0,9,319,2018,120.0,2
1,12,409,2013,1.0,1
1,9,394,2015,1.0,1
0,9,220,2006,151.0,2
0,13,121,2018,63.0,0
0,9,332,2007,148.0,2
0,11,353,2003,114.0,2
0,9,319,2017,123.0,2
1,10,433,1997,2.0,1
0,11,185,2017,87.0,2
0,7,185,1999,93.0,2
1,10,104,2017,3.0,0
0,6,125,2002,88.0,0
0,8,0,2018,126.0,0
0,11,274,2017,90.0,2
0,6,125,2017,95.0,0
0,8,288,2002,108.0,2
0,5,470,2010,65.0,1
0,8,319,2000,110.0,2
0,12,277,2018,66.0,2
0,11,326,2017,127.0,2
0,9,327,2015,131.0,2
0,11,212,2018,88.0,2
0,8,199,2017,97.0,2
0,9,25,2016,116.0,0
1,11,413,2016,3.0,1
1,11,244,2018,1.0,2
0,9,200,2012,117.0,2
0,11,309,2019,79.0,2
0,8,36,2001,144.0,0
1,9,244,2014,1.0,2
0,12,281,2015,79.0,2
0,7,60,2018,135.0,0
0,11,0,2017,88.0,0
0,8,318,2007,116.0,2
0,11,332,2017,91.0,2
0,7,274,2013,83.0,2
0,7,513,2015,90.0,1
0,8,321,2018,129.0,2
0,8,343,2016,120.0,2
0,6,121,2015,91.0,0
0,11,212,2017,85.0,2
1,9,415,2016,1.0,1
0,8,52,2016,88.0,0
0,8,309,2001,123.0,2
0,4,319,2013,180.0,2
0,7,199,2013,98.0,2
0,8,185,2016,90.0,2
1,10,102,2017,1.0,0
0,8,363,2013,90.0,2
0,7,20,1999,94.0,0
0,8,322,2010,112.0,2
0,11,274,2017,85.0,2
0,11,274,2018,97.0,2
1,10,512,1991,1.0,1
0,10,121,2015,47.0,0
0,11,274,2017,99.0,2
0,9,176,1973,168.0,2
0,9,284,2018,99.0,2
0,9,274,2016,106.0,2
0,9,323,2017,92.0,2
0,6,125,2008,99.0,0
0,9,274,2017,89.0,2
0,11,217,2015,88.0,2
1,12,446,2016,1.0,1
0,8,17,1967,111.0,0
0,11,39,2003,79.0,0
1,12,446,2016,1.0,1
1,9,117,2017,2.0,0
0,11,289,2017,86.0,2
0,9,281,2016,74.0,2
1,11,100,2013,1.0,0
0,11,325,2017,84.0,2
0,6,121,2013,80.0,0
0,11,230,2016,86.0,2
1,10,300,2016,3.0,2
0,11,339,2018,90.0,2
0,6,125,2007,102.0,0
1,9,234,2013,1.0,2
0,11,211,2016,92.0,2
1,12,446,2014,2.0,1
0,11,282,2015,81.0,2
0,11,343,2018,116.0,2
0,8,363,2005,110.0,2
0,7,185,2017,95.0,2
1,9,385,2015,1.0,1
0,8,344,2009,133.0,2
0,11,52,2017,120.0,0
1,9,487,2016,1.0,1
0,12,125,2016,91.0,0
0,12,125,2017,90.0,0
0,12,125,2017,90.0,0
1,12,412,2013,1.0,1
0,11,52,2018,103.0,0
0,10,281,2016,73.0,2
0,11,363,2018,98.0,2
1,12,422,2017,1.0,1
0,7,337,2010,119.0,2
0,11,274,2017,76.0,2
0,11,319,2018,148.0,2
1,11,117,2012,2.0,0
0,11,49,2017,94.0,0
0,9,179,1960,108.0,0
0,8,319,2016,114.0,2
0,8,359,2016,98.0,2
1,12,104,2017,1.0,0
0,9,331,2014,151.0,2
0,11,220,2016,78.0,2
1,11,379,2009,1.0,1
0,11,200,2018,125.0,2
0,9,326,2015,126.0,2
1,13,422,2018,1.0,1
0,13,121,2017,11.0,0
0,13,121,2017,22.0,0
1,9,400,2016,1.0,1
1,9,250,2014,1.0,2
0,11,197,2016,104.0,2
0,10,127,2017,104.0,0
1,11,291,2014,1.0,2
0,8,318,2014,117.0,2
1,9,379,2012,1.0,1
0,7,230,1998,101.0,2
0,8,270,1992,99.0,2
1,11,244,2016,1.0,2
0,9,274,2019,103.0,2
0,12,200,2017,126.0,2
0,11,326,2016,92.0,2
1,13,422,2012,1.0,1
0,9,326,2008,131.0,2
0,8,334,2015,119.0,2
0,8,172,1976,98.0,0
0,7,358,2009,85.0,2
0,8,185,2012,84.0,2
1,9,79,2015,1.0,0
0,7,0,2006,145.0,0
0,11,39,1992,125.0,0
0,11,39,1992,108.0,0
1,11,393,2015,1.0,1
0,5,174,1958,108.0,0
0,9,274,2015,74.0,2
0,6,125,2010,82.0,0
0,12,281,2018,75.0,2
0,11,57,2016,77.0,0
0,12,281,2012,156.0,2
0,7,309,2000,116.0,2
0,12,312,2014,126.0,2
0,9,200,2010,129.0,2
0,9,220,2000,132.0,2
0,9,200,2017,118.0,2
0,10,281,2010,87.0,2
0,6,309,2018,95.0,2
0,9,329,2016,86.0,2
0,7,309,2017,106.0,2
0,6,125,2005,115.0,0
0,7,20,2003,106.0,0
0,3,122,1973,94.0,0
0,12,219,2013,121.0,2
0,8,187,1997,113.0,2
1,12,298,2016,2.0,2
0,11,39,2017,129.0,0
0,12,288,2016,99.0,2
0,9,319,2015,116.0,2
1,9,385,2016,1.0,1
1,12,159,1992,11.0,0
1,12,378,2017,2.0,1
0,8,359,2012,88.0,2
1,9,117,1999,1.0,0
1,11,105,2017,2.0,0
0,14,442,2018,63.0,1
0,14,121,2018,62.0,0
0,14,442,2018,62.0,1
0,14,121,2019,112.0,0
0,9,217,2017,113.0,2
0,3,125,2005,82.0,0
0,11,200,2018,98.0,2
0,8,270,1988,87.0,2
1,10,512,1994,1.0,1
0,11,52,2017,111.0,0
0,11,470,2017,63.0,1
0,5,319,2012,105.0,2
0,3,123,1968,146.0,0
0,8,363,2009,96.0,2
0,11,288,2017,80.0,2
0,6,206,2014,99.0,2
1,11,291,2018,1.0,2
0,12,230,2012,87.0,2
0,10,143,2015,88.0,0
0,6,125,2004,99.0,0
0,6,127,2018,104.0,0
0,8,332,2006,104.0,2
1,14,422,2017,1.0,1
0,9,217,2017,118.0,2
0,12,166,1975,127.0,0
0,7,47,2009,109.0,0
1,12,102,2016,1.0,0
0,8,319,2002,130.0,2
0,11,332,2016,110.0,2
1,9,99,2018,1.0,0
0,11,288,2019,88.0,2
0,7,60,2010,106.0,0
0,12,309,1993,91.0,2
0,11,185,2018,103.0,2
1,12,292,2012,1.0,2
0,6,14,1973,89.0,0
0,7,232,2006,108.0,2
1,9,96,2017,1.0,0
0,11,288,2017,124.0,2
0,8,344,2013,96.0,2
0,8,31,2012,172.0,0
0,8,326,2014,124.0,2
0,7,47,2008,85.0,0
1,11,394,2015,9.0,1
1,11,394,2016,7.0,1
1,11,393,2017,8.0,1
1,11,394,2016,1.0,1
1,11,393,2016,1.0,1
1,11,394,2016,1.0,1
0,7,343,2005,137.0,2
0,7,20,2007,91.0,0
0,12,212,2017,120.0,2
1,9,234,2017,1.0,2
1,11,234,1999,1.0,2
0,9,199,2016,118.0,2
0,8,319,2015,110.0,2
0,9,326,2008,114.0,2
0,8,344,2016,112.0,2
1,9,472,2016,5.0,1
1,9,409,2018,1.0,1
0,12,274,2017,92.0,2
0,11,39,2002,137.0,0
0,11,344,2016,84.0,2
1,9,306,2018,1.0,2
0,11,284,2016,52.0,2
0,8,320,2013,96.0,2
0,11,353,2014,112.0,2
0,8,289,2017,90.0,2
0,11,332,2014,106.0,2
0,9,38,2008,116.0,0
0,9,326,2014,97.0,2
1,11,446,2018,1.0,1
0,9,174,1967,127.0,0
0,6,125,2017,96.0,0
0,11,281,2016,45.0,2
0,6,121,2009,101.0,0
0,9,344,2018,88.0,2
1,11,235,2017,1.0,2
0,10,279,2016,75.0,2
0,8,318,2004,112.0,2
0,11,199,2016,110.0,2
1,11,242,2017,1.0,2
0,7,54,2000,120.0,0
0,8,345,2017,90.0,2
0,8,274,2013,82.0,2
0,9,39,2015,118.0,0
0,11,350,2015,153.0,2
0,6,309,1989,117.0,2
1,12,95,1977,10.0,0
0,6,125,2003,93.0,0
0,11,320,2019,82.0,2
0,5,46,2015,115.0,0
0,9,326,2017,151.0,2
0,11,319,2015,103.0,2
0,8,320,2013,117.0,2
1,12,394,2013,1.0,1
0,12,326,2017,100.0,2
0,11,319,2016,70.0,2
1,11,241,2016,1.0,2
1,11,99,2012,2.0,0
0,11,288,2015,103.0,2
0,7,0,1997,108.0,0
0,12,322,2015,100.0,2
0,11,332,2016,91.0,2
0,8,344,2016,93.0,2
0,8,332,2015,113.0,2
0,11,353,2003,116.0,2
1,11,420,2015,1.0,1
0,9,326,2016,121.0,2
0,5,175,1991,112.0,0
1,11,244,2017,1.0,2
1,11,412,2017,2.0,1
0,11,318,2017,76.0,2
0,12,217,2018,81.0,2
0,8,274,2015,110.0,2
0,11,185,2018,90.0,2
0,9,361,2006,97.0,2
0,9,344,2018,86.0,2
0,7,199,2016,94.0,2
0,9,199,2016,83.0,2
0,15,125,2012,43.0,0
0,12,230,2011,92.0,2
0,8,185,2010,93.0,2
0,8,345,2017,88.0,2
0,11,374,2017,53.0,1
1,11,234,2017,3.0,2
1,11,244,2016,1.0,2
0,11,375,2002,156.0,2
0,9,274,2016,79.0,2
0,8,359,2018,96.0,2
0,5,281,2014,99.0,2
0,8,0,2018,140.0,0
0,8,470,1992,62.0,1
0,11,344,2018,88.0,2
0,11,359,2017,76.0,2
0,9,52,2017,99.0,0
0,8,513,2016,97.0,1
0,9,513,2019,87.0,1
0,11,326,2016,108.0,2
0,11,358,2017,94.0,2
1,12,376,2017,1.0,1
0,12,326,2004,123.0,2
1,11,264,2013,8.0,2
0,9,25,2007,128.0,0
0,9,55,2018,132.0,0
0,12,274,2017,93.0,2
0,12,281,2017,113.0,2
0,5,326,2015,96.0,2
0,7,0,2002,133.0,0
0,9,328,2002,176.0,2
1,11,471,2007,1.0,1
0,7,185,2010,115.0,2
1,10,300,2016,1.0,2
0,9,52,1985,90.0,0
0,11,274,2017,111.0,2
0,9,513,2017,87.0,1
0,8,55,2009,112.0,0
1,11,114,2017,1.0,0
0,7,179,1965,200.0,2
0,11,344,2016,93.0,2
0,12,121,2019,90.0,0
0,6,138,2014,107.0,0
0,8,375,2019,89.0,1
0,9,211,2015,83.0,2
0,7,185,2015,96.0,2
0,8,345,2010,99.0,2
0,11,34,2015,95.0,0
0,11,34,2016,88.0,0
0,9,34,2017,94.0,0
0,8,350,2016,93.0,2
0,11,281,2016,93.0,2
0,8,199,2016,92.0,2
0,8,344,1997,127.0,2
0,8,47,2005,105.0,0
1,9,448,2013,1.0,1
0,9,25,1989,94.0,0
0,7,310,2008,104.0,2
0,12,274,2017,94.0,2
0,6,125,2003,82.0,0
0,6,125,2018,86.0,0
0,7,60,1996,103.0,0
0,7,60,2015,97.0,0
0,6,60,2000,84.0,0
0,7,60,2017,98.0,0
0,13,121,2018,68.0,0
1,9,461,2016,1.0,1
0,10,274,2017,42.0,2
0,11,282,2017,92.0,2
0,12,281,2017,89.0,2
0,12,309,2018,99.0,2
1,11,234,2015,1.0,2
1,9,241,2015,1.0,2
0,9,319,2014,93.0,2
0,9,39,2003,162.0,0
0,7,185,2003,85.0,2
0,9,274,2016,52.0,2
0,6,149,2014,91.0,0
1,13,422,2014,1.0,1
1,12,102,2015,1.0,0
1,9,102,2018,1.0,0
0,6,309,2015,106.0,2
0,7,230,2010,92.0,2
1,11,393,2009,1.0,1
0,7,337,2010,140.0,2
0,11,470,1983,69.0,1
0,9,329,2018,153.0,2
0,9,326,2015,124.0,2
0,12,319,2009,120.0,2
0,11,332,2004,134.0,2
0,8,0,2012,105.0,0
1,5,391,2013,3.0,1
1,11,241,2008,1.0,2
1,11,241,2010,1.0,2
1,12,153,1979,1.0,0
0,9,281,2017,119.0,2
1,9,458,2010,1.0,1
0,9,281,2017,106.0,2
1,11,399,2017,2.0,1
0,12,136,2016,79.0,0
0,11,372,2006,196.0,2
0,10,274,2016,90.0,2
0,8,341,2019,109.0,2
0,9,281,2014,93.0,2
0,11,281,2015,92.0,2
0,12,281,2016,49.0,2
0,12,274,2015,102.0,2
0,11,359,2016,82.0,2
0,12,326,2016,74.0,2
0,11,328,2016,94.0,2
1,12,446,2017,1.0,1
0,9,281,2014,87.0,2
0,7,230,2006,108.0,2
1,11,399,2018,1.0,1
0,9,319,2002,151.0,2
1,9,96,2016,1.0,0
0,8,0,2012,109.0,0
1,11,253,2018,1.0,2
0,8,363,2013,91.0,2
0,9,274,2016,93.0,2
0,11,322,2018,85.0,2
0,8,14,1973,103.0,0
0,7,338,2015,102.0,2
0,8,41,2002,107.0,0
0,11,199,1990,88.0,2
0,5,190,1985,95.0,2
0,9,329,2016,100.0,2
0,9,368,2018,91.0,2
0,8,327,2018,110.0,2
1,12,376,2019,1.0,1
0,6,128,2007,96.0,0
0,8,357,1997,96.0,2
0,11,325,2019,98.0,2
0,8,332,2019,133.0,2
1,12,100,2014,1.0,0
0,7,232,2001,102.0,2
0,8,319,2015,108.0,2
1,9,393,2011,1.0,1
1,9,412,2008,1.0,1
0,8,0,1996,133.0,0
0,11,281,2013,58.0,2
0,5,230,2012,79.0,2
0,8,0,2001,101.0,0
0,9,38,2019,81.0,0
1,11,117,2006,2.0,0
0,11,217,2010,99.0,2
0,12,220,2011,106.0,2
0,12,217,2014,103.0,2
1,9,244,2009,1.0,2
0,11,230,2017,92.0,2
0,11,318,2017,89.0,2
1,11,80,2009,1.0,0
1,10,96,2015,1.0,0
0,9,39,2011,150.0,0
0,9,185,2019,80.0,2
0,8,513,1998,124.0,1
0,11,319,2017,99.0,2
0,9,281,2015,29.0,2
0,9,513,2019,91.0,1
0,5,319,2014,102.0,2
0,11,217,2017,94.0,2
1,11,242,2016,1.0,2
1,9,98,2017,6.0,0
0,8,187,1998,118.0,2
1,11,420,2015,1.0,1
0,11,274,2017,70.0,2
0,3,178,1971,181.0,2
0,5,326,2015,101.0,2
0,14,125,2008,29.0,0
0,12,274,2016,92.0,2
1,9,242,2015,2.0,2
0,11,274,2017,94.0,2
0,12,326,2015,118.0,2
0,8,272,2000,98.0,2
0,8,359,2003,90.0,2
0,8,345,2006,93.0,2
0,9,281,2016,114.0,2
0,11,319,2013,99.0,2
0,9,230,2018,96.0,2
0,8,0,2017,102.0,0
0,11,350,2016,90.0,2
0,9,289,2017,49.0,2
0,5,274,2015,61.0,2
1,9,385,2015,2.0,1
0,9,284,2019,60.0,2
0,8,52,1982,104.0,0
1,10,446,2014,3.0,1
0,7,309,2008,119.0,2
0,9,217,2016,102.0,2
0,11,321,2018,83.0,2
1,14,423,2016,1.0,1
0,11,52,1978,88.0,0
0,11,281,2017,86.0,2
1,12,300,2017,1.0,2
1,9,412,2011,1.0,1
0,6,278,2015,90.0,2
0,8,309,2010,134.0,2
0,12,274,2015,92.0,2
0,8,326,2012,145.0,2
0,11,185,2019,95.0,2
0,11,274,2018,93.0,2
0,3,121,1977,84.0,0
1,9,446,2017,1.0,1
0,9,282,2017,81.0,2
0,3,19,1956,98.0,0
1,12,102,2016,1.0,0
0,11,284,2018,74.0,2
0,11,284,2016,87.0,2
1,11,412,2011,1.0,1
0,6,274,2011,96.0,2
0,7,230,2008,88.0,2
1,11,241,2016,1.0,2
0,8,166,1994,118.0,0
0,8,344,2007,113.0,2
0,8,199,2012,86.0,2
1,12,159,2003,11.0,0
0,11,199,2018,91.0,2
0,6,125,2007,115.0,0
0,6,138,1993,112.0,0
0,8,274,2015,103.0,2
0,11,217,2016,116.0,2
0,11,318,2015,72.0,2
0,12,310,2019,104.0,2
1,12,297,2017,4.0,2
0,8,345,2009,97.0,2
0,8,350,2016,92.0,2
1,9,159,2003,10.0,0
0,9,127,2017,93.0,0
0,8,52,2010,93.0,0
0,6,284,2016,99.0,2
1,12,100,2011,1.0,0
0,12,442,2011,47.0,1
0,12,442,2011,52.0,1
0,8,318,2008,97.0,2
0,12,144,2015,88.0,0
0,11,274,2016,106.0,2
0,11,39,2019,97.0,0
0,11,344,2017,88.0,2
0,6,125,2009,88.0,0
0,11,319,2017,132.0,2
1,9,412,2018,1.0,1
0,9,326,2013,108.0,2
1,12,475,2016,2.0,1
0,12,329,2017,111.0,2
1,11,410,2009,1.0,1
1,12,403,2014,1.0,1
0,8,309,2002,167.0,2
1,17,80,2013,1.0,0
0,12,144,2009,96.0,0
0,12,144,2011,95.0,0
0,11,359,2016,107.0,2
0,11,326,2016,118.0,2
0,12,309,2018,130.0,2
0,12,285,2017,90.0,2
1,12,100,2015,1.0,0
1,12,100,2016,1.0,0
1,11,240,2016,1.0,2
0,6,125,2003,87.0,0
1,13,433,2011,1.0,1
0,8,227,2010,109.0,2
0,6,125,2014,103.0,0
1,11,260,2017,1.0,2
0,7,20,2008,110.0,0
0,7,230,2005,85.0,2
0,9,39,1990,163.0,0
0,11,345,2017,100.0,2
0,11,5,2013,58.0,0
0,7,60,2007,110.0,0
0,11,5,2014,58.0,0
1,9,446,2012,1.0,1
0,9,5,2013,56.0,0
0,11,39,1997,161.0,0
0,9,326,2005,141.0,2
0,3,167,1958,115.0,0
0,7,318,2012,90.0,2
0,9,217,2013,103.0,2
0,5,289,2012,77.0,2
1,9,412,2010,1.0,1
0,6,139,2018,111.0,0
0,12,274,2016,103.0,2
0,5,52,2017,129.0,0
0,6,310,2014,113.0,2
0,6,310,2018,106.0,2
0,11,319,2017,105.0,2
0,12,166,1979,137.0,0
0,13,372,2013,22.0,1
0,7,0,1995,130.0,0
0,11,309,2019,89.0,2
1,13,422,2017,2.0,1
0,8,513,2016,110.0,1
0,9,217,2006,148.0,2
1,11,244,2016,2.0,2
0,8,360,2018,100.0,2
1,9,416,2015,1.0,1
0,8,211,2016,90.0,2
0,8,309,2014,103.0,2
0,11,199,2019,75.0,2
0,11,326,2012,99.0,2
0,6,309,2005,93.0,2
0,8,64,2014,90.0,0
0,8,174,1990,145.0,0
0,11,318,2017,95.0,2
0,8,233,2011,92.0,2
0,6,125,2018,90.0,0
0,8,200,2001,137.0,2
1,9,506,2012,6.0,1
0,8,359,2003,98.0,2
0,9,319,2015,109.0,2
0,8,309,2008,117.0,2
1,9,104,2017,2.0,0
1,12,391,2013,3.0,1
0,11,219,2013,93.0,2
0,11,211,2017,57.0,2
0,6,167,1978,110.0,0
1,12,104,2016,2.0,0
1,12,300,2017,1.0,2
0,8,359,2015,95.0,2
0,11,212,2016,102.0,2
0,11,274,2016,97.0,2
0,12,285,2016,82.0,2
0,12,284,2015,90.0,2
1,9,76,2008,2.0,0
0,10,281,2015,57.0,2
0,11,217,2015,91.0,2
0,11,217,2013,100.0,2
0,9,217,2013,101.0,2
1,11,409,2016,2.0,1
0,9,200,2010,138.0,2
0,9,220,2014,95.0,2
0,6,131,2007,116.0,0
0,7,6,2009,117.0,0
0,9,60,2015,65.0,0
0,9,328,2000,158.0,2
0,8,36,1987,110.0,0
0,9,217,2017,79.0,2
0,8,513,2017,99.0,1
0,9,274,2013,86.0,2
1,11,508,2015,3.0,1
0,10,366,2017,138.0,2
1,9,393,2013,1.0,1
0,11,346,2017,91.0,2
0,5,220,2014,79.0,2
1,11,97,2016,2.0,0
1,11,488,2015,1.0,1
0,11,318,2015,79.0,2
0,8,55,2015,96.0,0
0,9,289,2005,55.0,2
0,8,186,2008,101.0,2
0,8,186,2004,88.0,2
0,9,274,2015,95.0,2
1,9,96,2014,1.0,0
0,10,125,2010,87.0,0
1,14,433,2017,1.0,1
0,12,289,2015,83.0,2
0,5,274,2016,90.0,2
1,12,488,2014,4.0,1
0,12,22,1999,151.0,0
1,9,394,2015,1.0,1
0,11,280,2017,89.0,2
0,11,346,2018,99.0,2
0,11,281,2017,86.0,2
1,9,161,2015,5.0,0
0,11,359,2016,85.0,2
0,8,0,2011,93.0,0
0,7,274,2015,89.0,2
0,8,359,2018,89.0,2
0,11,346,2018,90.0,2
0,11,320,1998,104.0,2
0,9,274,2017,107.0,2
0,7,230,2001,124.0,2
0,11,513,2017,87.0,1
1,11,385,2018,2.0,1
0,6,121,2016,94.0,0
1,11,507,2015,1.0,1
0,8,24,2015,86.0,0
1,9,254,2016,5.0,2
0,8,318,2016,102.0,2
0,7,33,2004,122.0,0
0,8,338,2013,126.0,2
0,9,309,2018,87.0,2
0,9,22,1976,156.0,0
0,11,345,2016,97.0,2
0,11,52,1997,89.0,0
1,11,412,2018,2.0,1
0,11,0,2017,88.0,0
1,14,378,2015,1.0,1
0,9,353,2010,96.0,2
0,9,375,2016,104.0,2
0,9,283,2015,80.0,2
1,12,446,2016,3.0,1
1,12,498,1988,5.0,1
1,9,97,2016,3.0,0
0,12,274,2015,95.0,2
0,11,353,2010,97.0,2
1,11,241,2015,1.0,2
0,9,326,2017,118.0,2
1,12,99,2016,1.0,0
0,7,230,2005,118.0,2
0,12,289,2016,44.0,2
0,9,281,2017,54.0,2
0,12,329,2015,170.0,2
1,13,422,2016,1.0,1
0,11,200,2006,118.0,2
0,11,327,2015,128.0,2
0,11,207,2016,106.0,2
0,5,274,2016,103.0,2
0,9,205,2008,92.0,2
0,11,205,2010,102.0,2
0,9,326,2017,126.0,2
0,12,319,2019,73.0,2
0,7,337,2011,111.0,2
0,7,309,2018,100.0,2
0,6,125,2011,86.0,0
0,9,127,2018,95.0,0
0,6,309,2018,79.0,2
0,9,284,2017,81.0,2
1,11,394,2015,3.0,1
0,8,316,2013,120.0,2
1,9,100,2016,1.0,0
0,9,350,2013,85.0,2
0,9,281,2016,96.0,2
0,12,281,2017,91.0,2
0,8,309,2017,134.0,2
0,5,185,2016,93.0,2
0,11,211,2016,82.0,2
0,7,233,2007,88.0,2
1,9,244,2017,1.0,2
0,11,176,1975,96.0,0
0,6,125,2018,97.0,0
0,7,359,2012,101.0,2
0,9,274,2016,88.0,2
0,9,212,2016,84.0,2
0,12,288,2017,110.0,2
0,6,125,2000,105.0,0
0,7,185,2017,116.0,2
0,8,185,1997,94.0,2
0,5,281,2015,110.0,2
1,11,104,2018,1.0,0
0,7,337,1995,116.0,2
0,12,274,2016,51.0,2
0,9,326,2012,103.0,2
0,7,60,2009,83.0,0
0,10,328,1999,176.0,2
0,12,367,2006,149.0,2
1,12,394,2011,1.0,1
0,11,347,2014,79.0,2
0,8,0,2010,97.0,0
0,8,49,2015,91.0,0
1,9,99,2015,1.0,0
1,14,422,2011,2.0,1
0,11,213,2016,85.0,2
0,11,213,2018,85.0,2
0,8,321,2005,117.0,2
1,9,378,2018,2.0,1
0,11,353,2016,84.0,2
0,11,319,2010,106.0,2
0,6,289,2016,107.0,2
0,9,274,2017,98.0,2
0,9,274,2018,54.0,2
1,9,399,2016,1.0,1
0,9,200,2016,139.0,2
0,5,281,2015,88.0,2
0,8,0,2018,93.0,0
0,8,36,2016,91.0,0
0,7,185,2011,89.0,2
0,9,135,2017,106.0,0
0,9,220,2014,116.0,2
0,8,318,2016,100.0,2
0,7,199,2015,96.0,2
0,6,313,2013,119.0,2
1,11,487,2019,2.0,1
0,11,284,2016,108.0,2
0,8,55,2014,104.0,0
0,9,220,2010,124.0,2
1,12,452,2014,1.0,1
0,6,121,2008,87.0,0
0,5,470,2013,75.0,1
0,6,133,2009,108.0,0
0,16,329,1974,103.0,2
1,9,393,2012,1.0,1
0,8,36,2017,103.0,0
0,7,353,2017,89.0,2
0,9,329,2014,103.0,2
0,11,60,2019,89.0,0
0,11,329,2017,119.0,2
0,8,513,2017,106.0,1
0,11,274,2015,90.0,2
0,6,125,2018,118.0,0
0,5,319,2014,95.0,2
1,12,102,2015,1.0,0
0,7,13,2008,123.0,0
0,7,8,1989,127.0,0
0,6,8,1981,116.0,0
0,6,8,1984,119.0,0
0,11,344,2016,99.0,2
0,6,274,2013,90.0,2
0,12,281,2016,90.0,2
0,8,0,2009,153.0,0
0,6,13,2008,106.0,0
0,9,39,2005,141.0,0
1,11,100,2017,1.0,0
1,9,234,2015,1.0,2
1,9,292,2017,1.0,2
1,11,446,2018,1.0,1
0,7,200,2013,122.0,2
1,11,262,2007,2.0,2
0,9,185,2016,87.0,2
0,8,330,2015,102.0,2
0,12,5,2004,88.0,0
0,9,5,2003,99.0,0
0,9,5,2002,99.0,0
0,7,343,2009,134.0,2
0,12,274,2018,91.0,2
0,11,319,2017,88.0,2
0,14,319,2006,127.0,2
0,9,200,2010,137.0,2
0,9,289,2018,77.0,2
0,6,149,2014,71.0,0
1,14,422,2011,2.0,1
0,9,329,2015,130.0,2
1,12,294,2014,1.0,2
1,11,380,2015,1.0,1
0,11,328,2013,140.0,2
0,6,125,1995,101.0,0
0,9,219,2012,101.0,2
0,11,220,2015,91.0,2
0,9,219,2017,84.0,2
0,5,289,2014,88.0,2
0,14,121,2018,68.0,0
0,9,329,2006,163.0,2
0,6,148,2013,93.0,0
0,11,289,2018,86.0,2
1,11,244,2016,1.0,2
0,8,344,1997,154.0,2
0,9,200,2015,92.0,2
0,9,326,2009,132.0,2
0,13,442,2014,22.0,1
0,9,319,2013,132.0,2
0,9,319,2012,94.0,2
0,9,200,2016,132.0,2
1,10,402,2008,1.0,1
0,8,186,2001,105.0,2
0,11,329,1973,97.0,2
1,10,446,2019,2.0,1
0,7,274,2015,109.0,2
1,9,156,2008,2.0,0
0,8,335,2014,134.0,2
0,9,277,2018,53.0,2
0,11,285,2016,84.0,2
1,9,412,2009,1.0,1
0,8,288,1973,102.0,2
1,14,422,2017,1.0,1
0,6,274,2011,79.0,2
0,9,39,1960,181.0,0
0,9,283,2017,90.0,2
0,9,281,2005,79.0,2
0,7,60,2012,133.0,0
0,11,375,2013,125.0,2
0,11,288,2017,80.0,2
0,11,323,2018,101.0,2
1,9,119,2015,1.0,0
0,11,52,2017,135.0,0
1,11,400,2015,1.0,1
1,9,400,2016,1.0,1
0,9,220,1997,133.0,2
0,6,125,2011,91.0,0
0,9,274,2017,52.0,2
0,7,197,2009,123.0,2
1,13,422,2014,2.0,1
0,7,230,2011,113.0,2
0,8,199,2005,107.0,2
0,7,60,2015,128.0,0
0,7,230,2005,94.0,2
0,9,25,1992,95.0,0
0,3,288,2011,106.0,2
1,11,77,2012,1.0,0
0,7,36,2002,138.0,0
1,9,242,2013,1.0,2
0,9,326,2017,139.0,2
0,12,329,2015,132.0,2
0,9,39,1981,173.0,0
0,12,326,2017,105.0,2
0,11,39,2016,148.0,0
0,9,329,2016,120.0,2
0,6,138,2014,85.0,0
0,9,328,2010,113.0,2
0,11,513,2016,99.0,1
0,9,319,2017,41.0,2
0,9,353,2017,110.0,2
0,9,367,2008,137.0,2
0,7,230,2001,118.0,2
0,12,199,1982,140.0,2
0,5,470,2006,85.0,1
0,9,326,2017,116.0,2
0,9,200,2005,133.0,2
1,9,291,1990,1.0,2
1,12,291,2014,1.0,2
1,12,291,1996,1.0,2
0,8,470,2011,89.0,1
0,8,470,2013,75.0,1
0,11,470,2010,67.0,1
0,11,285,2017,90.0,2
1,9,240,2017,1.0,2
0,9,39,1993,170.0,0
1,9,243,2018,1.0,2
1,9,412,2013,1.0,1
0,9,200,2006,124.0,2
1,9,244,2011,1.0,2
0,12,164,1980,120.0,0
0,9,219,2003,157.0,2
0,9,319,2018,124.0,2
0,8,0,2017,110.0,0
0,11,0,2016,90.0,0
0,8,215,1995,97.0,2
0,9,331,2015,108.0,2
0,8,39,2015,95.0,0
1,13,422,2010,2.0,1
0,8,0,2003,111.0,0
0,8,0,2004,137.0,0
0,11,51,2016,100.0,0
0,9,281,2015,53.0,2
0,11,0,2016,87.0,0
0,8,38,2011,106.0,0
0,7,188,1988,86.0,2
0,7,27,2010,100.0,0
0,11,39,2016,103.0,0
0,8,325,2014,109.0,2
0,5,318,2015,81.0,2
0,7,20,2005,98.0,0
1,12,102,2018,1.0,0
0,7,194,1996,114.0,2
0,8,309,2017,87.0,2
0,12,217,2015,132.0,2
0,8,513,1997,116.0,1
1,9,394,2016,1.0,1
1,9,104,2017,1.0,0
0,9,209,2013,92.0,2
1,11,80,2015,2.0,0
0,8,359,2015,99.0,2
0,9,173,1945,63.0,0
0,7,467,2009,121.0,1
0,10,274,2016,56.0,2
1,12,292,2014,1.0,2
0,7,39,2012,96.0,0
0,9,369,1972,115.0,2
0,11,223,2014,117.0,2
0,14,121,2009,58.0,0
0,14,121,2013,62.0,0
0,13,121,2016,65.0,0
0,14,121,2012,61.0,0
0,14,121,2017,65.0,0
0,14,121,2017,65.0,0
0,14,121,2010,58.0,0
0,14,121,2013,60.0,0
0,8,318,2015,81.0,2
1,14,422,2019,1.0,1
0,5,345,2013,85.0,2
0,8,197,2017,93.0,2
0,11,319,2017,126.0,2
0,8,21,2004,99.0,0
0,14,125,2010,79.0,0
0,12,125,2010,26.0,0
0,12,25,2017,107.0,0
0,9,329,2017,133.0,2
0,8,288,1998,95.0,2
1,9,394,2014,1.0,1
0,11,200,2012,100.0,2
0,12,329,2000,149.0,2
0,11,443,2017,52.0,1
0,12,369,2004,165.0,2
0,11,217,2016,104.0,2
0,8,274,2017,114.0,2
0,7,178,1987,109.0,0
0,11,217,2016,88.0,2
1,9,399,2012,3.0,1
1,9,412,2016,1.0,1
1,11,241,2017,1.0,2
1,12,151,2010,1.0,0
1,9,241,2016,1.0,2
0,9,332,2016,143.0,2
0,11,350,2011,112.0,2
0,8,0,2016,101.0,0
0,7,467,2006,110.0,1
0,4,211,2018,83.0,2
1,9,400,2015,1.0,1
0,11,326,2010,145.0,2
1,9,109,2011,3.0,0
0,9,0,2017,87.0,0
1,9,238,2015,1.0,2
0,11,320,2019,86.0,2
0,8,0,2015,115.0,0
0,8,322,2010,93.0,2
0,9,284,2017,121.0,2
0,12,281,2014,54.0,2
0,6,230,2010,100.0,2
0,13,121,2003,37.0,0
0,13,442,2011,33.0,1
0,13,442,2011,35.0,1
0,13,121,2011,32.0,0
1,13,110,2018,1.0,0
0,11,209,2017,147.0,2
0,7,43,2014,110.0,0
0,6,121,2010,97.0,0
0,11,55,2017,108.0,0
0,9,32,1982,101.0,0
1,12,291,2017,1.0,2
0,8,47,2010,100.0,0
1,10,422,2017,3.0,1
1,13,422,2018,1.0,1
0,10,281,2018,48.0,2
0,15,7,2016,44.0,0
1,13,422,2017,1.0,1
0,15,125,2013,78.0,0
0,11,284,2016,103.0,2
0,12,173,1946,58.0,0
1,11,393,2014,3.0,1
0,9,224,2018,90.0,2
1,12,446,2014,1.0,1
0,8,208,2014,89.0,2
0,12,285,2018,83.0,2
1,10,102,2009,1.0,0
1,9,102,2014,1.0,0
0,11,349,2018,84.0,2
0,9,52,1997,104.0,0
0,12,310,2018,99.0,2
0,8,176,1992,105.0,0
0,8,344,2015,94.0,2
1,11,117,2012,2.0,0
0,7,309,2012,150.0,2
0,9,52,2013,111.0,0
0,9,288,1990,116.0,2
0,9,54,1983,92.0,0
1,17,433,2015,1.0,1
0,14,125,2016,23.0,0
0,14,125,2016,25.0,0
0,6,318,2016,85.0,2
0,7,185,2000,90.0,2
0,15,125,2018,68.0,0
0,14,125,2019,67.0,0
0,14,125,2019,66.0,0
0,5,199,2016,91.0,2
1,10,433,2017,4.0,1
0,9,513,2014,87.0,1
0,7,274,2016,98.0,2
1,9,235,2017,1.0,2
1,9,240,2013,1.0,2
0,8,24,1998,108.0,0
0,8,318,2013,85.0,2
0,7,55,2012,95.0,0
0,11,319,2017,103.0,2
0,6,16,1976,118.0,0
1,13,422,2016,2.0,1
0,8,179,1962,153.0,2
1,11,97,2015,1.0,0
0,9,283,2017,96.0,2
0,9,25,1990,88.0,0
0,5,217,2015,116.0,2
0,9,331,2015,155.0,2
1,11,399,2015,1.0,1
0,9,281,2017,88.0,2
1,9,235,2012,1.0,2
0,9,289,2017,92.0,2
1,9,499,2015,5.0,1
1,11,393,2015,1.0,1
0,11,230,2019,98.0,2
0,11,200,2010,103.0,2
0,9,220,2017,163.0,2
0,9,25,1994,93.0,0
1,12,379,2012,1.0,1
1,11,410,2016,1.0,1
0,11,344,2018,77.0,2
0,9,220,2011,97.0,2
0,9,220,2015,115.0,2
1,10,104,2013,1.0,0
0,8,220,2014,103.0,2
0,11,274,2016,82.0,2
0,11,320,2006,77.0,2
0,9,326,1995,79.0,2
0,12,284,2016,98.0,2
1,12,393,2010,1.0,1
0,9,329,2005,131.0,2
0,9,353,2018,110.0,2
0,11,222,2015,100.0,2
0,9,375,2017,117.0,2
0,12,326,2017,107.0,2
0,8,185,2012,76.0,2
0,11,350,2014,118.0,2
0,8,16,1979,93.0,0
1,9,498,2014,7.0,1
0,7,185,2008,99.0,2
0,5,270,1987,84.0,2
0,11,326,2016,102.0,2
0,9,319,2016,134.0,2
0,11,274,2017,78.0,2
0,11,375,2016,95.0,2
1,14,433,2017,1.0,1
1,9,80,2016,1.0,0
0,13,121,2013,73.0,0
0,9,34,2018,110.0,0
0,12,136,2016,75.0,0
0,9,39,2013,119.0,0
1,9,408,2015,1.0,1
1,9,408,2014,1.0,1
1,9,409,2010,1.0,1
0,12,217,1981,92.0,2
1,9,394,2013,1.0,1
0,9,219,2005,137.0,2
0,12,328,1989,192.0,2
0,12,326,2017,132.0,2
0,11,345,2018,91.0,2
0,8,36,2013,105.0,0
0,8,220,2015,88.0,2
1,12,388,2018,1.0,1
0,11,319,1983,155.0,2
0,9,329,2017,103.0,2
0,7,318,2014,97.0,2
0,9,318,2016,92.0,2
0,9,215,2014,98.0,2
0,11,281,2017,89.0,2
0,7,200,1999,112.0,2
0,11,319,2017,75.0,2
0,9,319,2017,89.0,2
0,11,359,2017,99.0,2
0,8,0,2016,107.0,0
1,9,291,2018,1.0,2
0,9,442,2016,29.0,1
1,11,487,2016,4.0,1
0,11,319,2016,94.0,2
1,9,447,2019,1.0,1
1,12,303,2018,2.0,2
0,8,52,1986,90.0,0
0,8,470,2002,104.0,1
0,12,277,2017,55.0,2
0,9,281,2016,83.0,2
0,12,289,2014,77.0,2
0,6,60,2013,72.0,0
0,6,66,2017,103.0,0
0,6,148,2018,131.0,0
1,9,104,2016,1.0,0
0,9,319,1983,138.0,2
0,5,52,2016,143.0,0
0,11,319,2017,80.0,2
0,9,200,2006,132.0,2
0,9,318,2013,84.0,2
0,11,326,2014,99.0,2
0,9,219,2017,93.0,2
0,12,274,2016,114.0,2
0,12,274,2017,100.0,2
0,12,220,1988,132.0,2
0,11,200,2016,83.0,2
0,8,325,2016,105.0,2
0,8,175,1973,112.0,0
0,12,309,2017,94.0,2
0,11,353,1985,90.0,2
0,9,274,2017,48.0,2
1,10,100,2013,1.0,0
1,12,446,2012,1.0,1
0,12,329,2017,110.0,2
1,9,393,2016,1.0,1
0,8,199,2003,84.0,2
0,11,332,2017,118.0,2
0,9,274,2018,86.0,2
0,7,28,1997,98.0,0
0,7,28,2002,88.0,0
0,11,318,2016,81.0,2
0,8,39,2009,112.0,0
1,9,412,2018,1.0,1
1,11,417,2015,1.0,1
0,11,217,2018,106.0,2
1,12,387,2016,1.0,1
0,9,221,2009,148.0,2
0,8,39,2015,105.0,0
0,6,125,2016,92.0,0
1,9,403,2018,1.0,1
0,7,60,2016,112.0,0
1,14,422,1996,1.0,1
0,8,320,2008,128.0,2
1,10,422,2014,2.0,1
0,9,326,2017,128.0,2
1,12,446,2013,1.0,1
0,6,144,2004,136.0,0
0,6,125,2012,106.0,0
0,11,328,2016,129.0,2
1,9,241,2015,1.0,2
0,7,65,2015,90.0,0
0,7,326,2014,130.0,2
0,9,456,2017,85.0,1
0,5,274,2011,90.0,2
1,11,393,2015,1.0,1
0,11,288,2015,94.0,2
0,5,318,2016,86.0,2
0,9,274,2017,100.0,2
0,11,36,2018,107.0,0
0,12,220,2014,93.0,2
0,8,318,2015,109.0,2
0,11,319,2016,109.0,2
0,11,45,2017,92.0,0
0,8,325,2015,93.0,2
0,9,326,2019,100.0,2
0,8,309,2017,141.0,2
1,9,379,2014,1.0,1
0,7,309,2003,119.0,2
0,8,513,2016,84.0,1
1,12,104,2015,1.0,0
0,8,20,1997,96.0,0
1,12,102,2014,1.0,0
0,6,125,2016,83.0,0
0,11,217,2017,117.0,2
0,6,121,2017,93.0,0
0,14,121,2013,73.0,0
0,14,148,2015,72.0,0
0,14,121,2012,46.0,0
0,14,121,2014,74.0,0
0,14,121,2013,46.0,0
0,14,121,2011,46.0,0
0,14,121,2014,74.0,0
0,14,121,2012,71.0,0
0,14,121,2016,72.0,0
0,14,121,2015,76.0,0
0,14,121,2010,23.0,0
0,10,121,2013,60.0,0
0,14,121,2013,46.0,0
1,13,422,2012,2.0,1
0,7,230,2005,101.0,2
1,10,100,2013,1.0,0
1,10,100,2011,1.0,0
0,8,323,2009,97.0,2
0,8,320,2016,111.0,2
0,8,25,2015,96.0,0
0,9,319,2015,135.0,2
0,8,319,2016,91.0,2
0,11,274,2013,84.0,2
0,9,326,2011,121.0,2
0,15,125,2016,109.0,0
0,6,34,2017,74.0,0
0,8,185,2013,94.0,2
0,7,309,2016,105.0,2
0,7,230,2002,97.0,2
0,9,281,2015,102.0,2
0,9,200,1984,86.0,2
0,7,185,2007,88.0,2
1,10,433,2013,2.0,1
0,9,217,2012,90.0,2
0,7,318,2012,131.0,2
0,12,220,2004,158.0,2
0,6,121,2014,85.0,0
0,6,125,2014,110.0,0
0,5,188,2007,79.0,2
1,11,234,2017,3.0,2
1,12,433,2017,2.0,1
0,12,17,1962,185.0,0
0,12,125,2010,80.0,0
0,12,319,2005,116.0,2
0,9,310,2017,95.0,2
0,9,217,2013,99.0,2
0,7,211,2016,77.0,2
0,11,230,2015,91.0,2
0,17,309,2015,115.0,2
1,12,104,2017,1.0,0
0,7,200,2016,68.0,2
1,9,402,2017,1.0,1
0,13,125,2015,72.0,0
0,13,125,2014,73.0,0
0,9,200,2013,104.0,2
0,9,25,2001,90.0,0
0,11,274,2015,99.0,2
0,7,309,2009,109.0,2
1,11,99,2013,1.0,0
0,11,39,2012,108.0,0
0,8,337,2011,99.0,2
0,9,217,2014,99.0,2
1,9,495,1999,1.0,1
0,12,350,2017,88.0,2
0,6,233,2006,92.0,2
0,12,281,2016,73.0,2
0,11,345,2017,85.0,2
0,12,274,2016,91.0,2
0,9,25,1982,171.0,0
0,5,318,2016,80.0,2
0,9,5,2011,102.0,0
0,11,470,2017,76.0,1
0,11,274,2016,92.0,2
0,7,24,1993,82.0,0
0,10,274,2016,42.0,2
0,6,7,2004,131.0,0
0,9,326,2016,165.0,2
0,8,185,2016,91.0,2
0,8,318,2015,101.0,2
1,12,300,2018,1.0,2
1,10,300,2016,1.0,2
0,10,274,2016,53.0,2
1,12,102,2009,1.0,0
1,12,102,2009,1.0,0
1,12,102,2016,1.0,0
1,12,102,2015,3.0,0
0,11,173,1945,59.0,0
1,12,291,2016,3.0,2
0,8,326,2016,108.0,2
0,12,310,2018,89.0,2
0,6,125,2004,91.0,0
0,5,274,2016,84.0,2
0,7,60,2007,96.0,0
0,9,39,2017,124.0,0
0,11,318,2018,87.0,2
0,8,325,2013,113.0,2
0,8,325,2014,118.0,2
1,11,104,2016,2.0,0
0,7,337,2008,97.0,2
1,14,86,1981,1.0,0
1,10,433,1997,1.0,1
0,12,217,2005,161.0,2
0,11,200,2018,116.0,2
0,6,230,2007,104.0,2
1,8,416,2016,1.0,1
0,14,121,2020,89.0,0
0,12,121,2019,92.0,0
0,12,125,2019,90.0,0
1,5,116,2004,1.0,0
0,9,274,2017,50.0,2
0,10,135,2017,53.0,0
0,10,274,2018,113.0,2
0,12,274,2017,53.0,2
0,12,274,2017,54.0,2
0,12,274,2017,53.0,2
0,10,274,2017,54.0,2
0,9,274,2018,113.0,2
0,10,274,2017,53.0,2
0,12,274,2017,53.0,2
0,12,274,2018,53.0,2
0,9,274,2017,54.0,2
0,12,274,2017,54.0,2
0,12,274,2017,52.0,2
0,12,274,2017,54.0,2
0,12,274,2017,54.0,2
0,10,274,2018,53.0,2
0,12,274,2017,53.0,2
0,12,274,2018,53.0,2
0,12,274,2018,113.0,2
0,10,442,2012,53.0,1
0,7,344,2017,86.0,2
0,7,309,1995,102.0,2
0,11,288,2016,114.0,2
0,8,309,2009,99.0,2
1,11,244,2016,1.0,2
1,11,295,2018,1.0,2
0,12,281,2012,55.0,2
0,11,283,2015,91.0,2
1,11,76,2011,1.0,0
1,11,488,2015,7.0,1
1,9,96,2016,1.0,0
0,5,319,2013,117.0,2
0,11,319,2013,124.0,2
1,11,394,2016,1.0,1
0,8,283,2016,122.0,2
0,8,199,2014,84.0,2
0,3,281,2009,84.0,2
0,8,60,2018,120.0,0
0,12,15,1960,127.0,0
0,7,20,2007,122.0,0
0,7,20,2004,125.0,0
1,9,244,2017,1.0,2
0,11,217,2015,107.0,2
0,8,0,2016,91.0,0
0,11,209,2011,103.0,2
0,11,209,2012,103.0,2
0,11,209,2015,106.0,2
1,15,432,2014,2.0,1
0,9,274,2017,102.0,2
1,12,291,2013,1.0,2
1,13,422,2018,1.0,1
0,11,220,2012,97.0,2
0,9,52,1983,89.0,0
0,9,277,2017,92.0,2
0,9,326,2016,107.0,2
0,9,288,2018,86.0,2
0,12,288,2018,70.0,2
0,11,288,2018,66.0,2
0,12,288,2018,72.0,2
0,11,326,2019,111.0,2
0,7,18,1968,166.0,0
0,12,329,2016,135.0,2
0,6,288,2013,92.0,2
0,10,283,2017,87.0,2
0,11,309,2018,92.0,2
0,11,274,2017,89.0,2
0,11,328,2016,93.0,2
1,12,300,2018,1.0,2
0,8,273,2013,90.0,2
0,11,281,2015,76.0,2
0,6,125,2006,86.0,0
0,5,39,2016,111.0,0
1,9,114,2016,1.0,0
0,11,52,2016,124.0,0
0,11,274,2018,93.0,2
1,12,111,2012,1.0,0
1,12,379,2012,1.0,1
0,11,52,2018,139.0,0
0,11,199,2016,91.0,2
0,11,52,1984,86.0,0
1,12,291,2018,3.0,2
0,9,200,2017,122.0,2
0,11,319,2017,96.0,2
0,12,326,2014,88.0,2
0,11,281,2019,93.0,2
0,7,359,2018,90.0,2
0,12,200,2017,103.0,2
0,11,0,2018,102.0,0
0,11,350,2006,105.0,2
0,9,212,2015,117.0,2
1,13,433,2016,1.0,1
0,7,337,2007,126.0,2
0,9,326,2017,89.0,2
0,5,281,2007,82.0,2
1,9,259,2016,1.0,2
0,11,52,2007,82.0,0
0,8,36,2002,98.0,0
0,8,309,2016,96.0,2
0,12,326,1988,108.0,2
1,13,422,2011,1.0,1
0,9,284,2015,91.0,2
0,11,329,2015,163.0,2
0,8,513,2002,112.0,1
0,12,200,2000,137.0,2
0,11,322,2018,89.0,2
0,8,359,2007,86.0,2
1,9,291,2016,2.0,2
0,9,329,1997,187.0,2
0,12,319,2017,109.0,2
0,8,170,1990,77.0,0
1,9,487,2015,7.0,1
1,9,391,2003,1.0,1
0,8,0,1992,84.0,0
0,12,331,2011,140.0,2
0,9,274,2017,68.0,2
0,8,0,1992,117.0,0
0,11,220,2014,105.0,2
0,6,20,2009,91.0,0
0,9,326,2016,104.0,2
1,9,446,2010,1.0,1
0,9,217,2009,114.0,2
0,11,209,2013,112.0,2
1,12,155,1990,5.0,0
0,12,442,1988,48.0,1
0,11,326,2016,95.0,2
0,6,132,2006,89.0,0
1,11,499,2016,3.0,1
0,11,333,2016,108.0,2
0,11,274,2017,72.0,2
0,8,513,2007,109.0,1
1,9,256,2016,5.0,2
0,8,332,2016,105.0,2
0,11,274,2016,92.0,2
0,6,125,2018,95.0,0
0,11,332,2018,108.0,2
0,6,39,2015,85.0,0
0,7,177,1993,126.0,0
0,9,369,2015,118.0,2
0,11,350,2009,125.0,2
0,9,220,2012,112.0,2
0,9,319,2017,96.0,2
0,12,135,2018,81.0,0
0,11,456,2018,81.0,1
0,12,319,2017,92.0,2
1,9,512,1946,1.0,1
0,11,328,2002,127.0,2
0,11,326,1998,81.0,2
0,11,319,2018,133.0,2
1,10,102,2016,1.0,0
1,12,100,2006,1.0,0
0,9,60,2010,81.0,0
0,11,326,2016,108.0,2
0,8,17,1986,120.0,0
0,9,309,1980,149.0,2
0,11,281,2018,92.0,2
0,6,278,2018,96.0,2
0,6,9,1980,114.0,0
1,9,487,2018,8.0,1
0,11,322,2016,77.0,2
0,11,320,2018,90.0,2
1,9,244,2010,1.0,2
1,14,423,2016,1.0,1
1,14,422,2015,1.0,1
1,14,422,2016,1.0,1
1,14,422,2004,1.0,1
1,14,422,1998,1.0,1
1,14,422,2008,1.0,1
1,14,422,2000,1.0,1
1,14,422,1999,1.0,1
1,14,422,2006,1.0,1
1,14,422,2003,1.0,1
1,14,422,2007,1.0,1
1,14,422,2009,1.0,1
1,14,422,2005,1.0,1
1,14,422,2011,1.0,1
0,14,442,2011,24.0,1
0,14,121,2011,46.0,0
0,14,442,2011,24.0,1
1,14,422,2014,1.0,1
0,14,442,2014,55.0,1
1,14,422,2012,1.0,1
0,14,149,2012,24.0,0
0,14,442,2012,23.0,1
1,14,422,2001,1.0,1
1,14,422,1997,1.0,1
1,14,422,2002,1.0,1
1,14,422,1996,1.0,1
1,14,422,2013,1.0,1
0,14,121,2013,24.0,0
0,14,121,2013,24.0,0
0,11,319,2013,106.0,2
0,9,173,1942,52.0,0
0,9,369,2013,127.0,2
0,5,274,2015,86.0,2
0,8,344,1996,131.0,2
0,9,220,1984,93.0,2
1,13,433,2017,1.0,1
0,11,320,2017,97.0,2
0,11,230,2018,84.0,2
1,12,234,2011,1.0,2
0,11,274,2019,83.0,2
1,11,399,2016,2.0,1
0,9,39,2000,165.0,0
0,8,171,1994,154.0,0
0,9,326,2014,158.0,2
0,8,0,2012,89.0,0
0,9,200,2011,149.0,2
1,9,394,2014,3.0,1
0,11,289,2019,96.0,2
1,11,391,2015,1.0,1
0,7,0,2008,106.0,0
1,11,393,2009,1.0,1
0,7,309,2015,128.0,2
1,11,403,2017,1.0,1
1,9,472,2018,1.0,1
0,6,125,2008,98.0,0
1,9,394,2012,1.0,1
0,6,121,2009,99.0,0
0,8,318,2008,113.0,2
0,11,284,2013,71.0,2
0,12,326,2015,83.0,2
0,8,180,1980,129.0,2
0,9,326,2015,117.0,2
0,5,274,2015,93.0,2
0,9,25,2016,124.0,0
0,9,329,1996,177.0,2
0,12,199,1974,104.0,2
0,6,125,2018,113.0,0
0,9,176,1985,178.0,2
1,9,412,2012,1.0,1
0,12,326,2018,90.0,2
0,9,200,2005,154.0,2
0,11,46,2018,122.0,0
0,11,353,2010,115.0,2
0,9,328,2017,126.0,2
0,5,274,2016,88.0,2
1,9,394,2015,1.0,1
0,9,326,2011,99.0,2
0,12,220,2011,144.0,2
1,11,394,2015,1.0,1
0,7,174,1955,111.0,0
1,9,391,2004,1.0,1
0,11,309,2018,73.0,2
1,11,264,2016,4.0,2
0,11,345,2016,81.0,2
0,7,30,1984,114.0,0
0,9,326,2017,112.0,2
0,12,281,2017,80.0,2
1,5,478,2015,13.0,1
0,12,274,2016,24.0,2
0,11,39,2015,100.0,0
1,11,100,2017,2.0,0
0,8,288,2012,96.0,2
0,12,25,2015,88.0,0
0,8,36,2015,95.0,0
0,7,337,2010,112.0,2
0,7,341,2017,112.0,2
1,9,260,2014,6.0,2
0,8,47,2010,97.0,0
0,11,288,2017,97.0,2
0,11,274,2016,94.0,2
0,8,25,1980,97.0,0
0,5,326,2016,118.0,2
1,11,244,2017,1.0,2
0,8,38,2014,95.0,0
1,12,110,2017,1.0,0
0,8,337,2008,120.0,2
0,5,319,2012,84.0,2
1,11,387,2016,4.0,1
0,8,344,2008,101.0,2
0,9,326,2015,103.0,2
1,11,98,2017,5.0,0
0,11,350,2013,83.0,2
1,9,393,2010,1.0,1
0,11,319,2011,107.0,2
0,9,319,2010,136.0,2
0,9,326,2015,96.0,2
0,9,281,2016,45.0,2
0,9,50,2018,92.0,0
1,11,75,1985,1.0,0
0,6,17,1976,120.0,0
0,6,343,1979,119.0,2
0,6,343,1982,100.0,2
0,6,343,1985,92.0,2
0,7,343,1990,104.0,2
0,8,60,2017,93.0,0
0,11,326,2014,98.0,2
0,11,274,2018,80.0,2
0,11,274,2015,79.0,2
0,9,26,2014,122.0,0
0,8,318,2015,118.0,2
0,11,211,2017,89.0,2
0,14,147,2012,26.0,0
1,9,396,2016,3.0,1
0,12,283,2016,62.0,2
0,8,181,1968,137.0,2
0,8,309,1998,121.0,2
1,12,488,2016,8.0,1
1,12,391,2004,1.0,1
0,11,319,2017,103.0,2
0,11,49,2016,92.0,0
0,8,25,1995,89.0,0
0,7,230,2005,97.0,2
0,9,53,2004,134.0,0
0,6,230,1999,116.0,2
0,9,337,2018,110.0,2
0,9,513,2018,88.0,1
1,9,80,1998,3.0,0
0,6,134,2015,93.0,0
1,5,305,2013,1.0,2
0,5,470,2013,72.0,1
0,9,326,2016,141.0,2
0,11,281,2016,82.0,2
0,7,0,2003,117.0,0
0,9,319,1982,118.0,2
0,11,281,2013,91.0,2
0,11,329,2014,105.0,2
0,9,232,2016,94.0,2
0,9,329,1983,137.0,2
1,12,394,2014,1.0,1
0,11,281,2016,61.0,2
0,8,215,2012,86.0,2
0,11,326,2016,118.0,2
0,9,329,2016,173.0,2
0,12,328,2007,152.0,2
0,9,326,2014,99.0,2
0,11,326,2017,110.0,2
0,12,326,2017,116.0,2
0,9,217,2013,107.0,2
0,7,37,2018,109.0,0
0,13,121,2018,65.0,0
0,9,173,1945,32.0,0
0,9,200,2008,122.0,2
0,9,176,1964,228.0,2
0,12,125,2014,86.0,0
0,10,121,2010,72.0,0
0,7,326,2010,102.0,2
0,9,219,2015,140.0,2
0,12,25,2016,145.0,0
0,9,326,2005,126.0,2
0,9,326,2017,133.0,2
0,9,312,2008,141.0,2
0,11,288,2018,78.0,2
1,12,292,2014,1.0,2
0,9,328,2012,150.0,2
0,9,187,1982,153.0,2
0,11,333,2017,83.0,2
0,11,49,2017,95.0,0
0,11,220,2018,93.0,2
1,10,446,2015,1.0,1
0,7,197,2013,126.0,2
0,8,309,2019,95.0,2
0,8,199,2014,99.0,2
0,6,121,2017,93.0,0
1,9,262,2018,7.0,2
0,12,165,1955,93.0,0
0,8,207,2000,88.0,2
0,7,207,2013,88.0,2
0,8,174,1993,195.0,2
0,8,197,1988,120.0,2
0,12,121,1998,77.0,0
0,7,21,2010,112.0,0
0,8,345,1997,121.0,2
0,8,345,2000,117.0,2
0,11,0,2012,90.0,0
0,6,124,1993,110.0,0
0,7,283,2012,86.0,2
0,7,60,2011,95.0,0
0,12,328,2007,101.0,2
1,9,379,2014,1.0,1
0,7,344,2015,111.0,2
0,12,281,2013,54.0,2
0,12,281,2013,54.0,2
0,12,281,2013,54.0,2
0,12,281,2014,55.0,2
0,12,281,2013,54.0,2
0,9,274,2013,55.0,2
0,12,274,2014,55.0,2
0,12,274,2013,55.0,2
0,12,281,2014,55.0,2
0,12,281,2014,55.0,2
0,9,217,2012,102.0,2
0,7,284,2010,106.0,2
1,11,487,2016,1.0,1
0,11,319,2017,69.0,2
1,9,409,2015,1.0,1
0,8,0,2011,85.0,0
0,8,203,2010,146.0,2
0,8,203,2008,145.0,2
0,16,329,2016,103.0,2
0,8,200,1999,111.0,2
0,11,309,2019,125.0,2
1,11,235,2016,1.0,2
0,9,217,2011,115.0,2
1,9,498,1986,1.0,1
0,11,332,2002,168.0,2
0,9,319,2012,109.0,2
0,12,219,2002,148.0,2
0,9,326,2002,92.0,2
0,7,345,2011,91.0,2
0,9,326,2008,135.0,2
0,12,274,2019,71.0,2
0,8,359,2010,112.0,2
1,9,97,2017,4.0,0
0,7,20,2009,128.0,0
0,11,39,1990,168.0,0
0,13,442,2016,45.0,1
0,13,442,2018,75.0,1
0,13,442,2017,71.0,1
0,9,326,2016,122.0,2
0,8,318,2013,97.0,2
0,6,125,2009,89.0,0
0,11,288,2016,98.0,2
0,9,332,2017,115.0,2
0,11,350,2004,96.0,2
0,11,332,2017,119.0,2
1,13,422,2008,1.0,1
0,10,319,2014,105.0,2
0,11,49,2018,88.0,0
0,8,345,2012,94.0,2
0,12,274,2016,77.0,2
1,11,242,2015,2.0,2
1,9,400,2008,1.0,1
1,11,400,2018,3.0,1
0,9,39,2013,143.0,0
0,12,220,2015,127.0,2
0,7,41,2017,92.0,0
0,11,350,2017,87.0,2
0,11,345,2016,83.0,2
0,8,203,2015,95.0,2
0,8,0,2014,96.0,0
1,9,446,2016,3.0,1
1,9,446,2016,1.0,1
0,7,20,2016,107.0,0
0,11,52,2016,100.0,0
0,10,289,2014,49.0,2
0,7,60,2010,94.0,0
0,8,199,2015,101.0,2
0,6,230,2004,89.0,2
0,8,318,1996,135.0,2
0,8,513,1993,107.0,1
1,11,446,2018,1.0,1
0,8,39,2015,84.0,0
0,7,28,1998,110.0,0
0,8,199,2008,95.0,2
0,11,289,2017,66.0,2
0,7,185,2015,83.0,2
0,8,36,2016,86.0,0
0,9,220,2005,137.0,2
0,11,274,2018,87.0,2
0,11,326,2013,142.0,2
0,5,212,1991,94.0,2
0,7,13,2018,135.0,0
0,7,13,2018,135.0,0
0,8,55,2009,104.0,0
0,11,337,2017,97.0,2
0,7,230,2003,128.0,2
0,8,38,2014,109.0,0
0,5,289,2016,73.0,2
1,11,394,2016,1.0,1
0,6,314,2011,106.0,2
0,11,346,2019,94.0,2
0,5,274,2016,85.0,2
1,13,422,2014,1.0,1
0,6,335,1976,98.0,2
1,11,479,2013,4.0,1
0,7,199,2017,96.0,2
0,9,289,2019,75.0,2
0,7,60,2007,139.0,0
0,6,20,2018,117.0,0
0,9,274,2018,95.0,2
1,13,422,2018,2.0,1
0,8,318,2015,129.0,2
0,8,187,2012,94.0,2
0,11,331,2018,112.0,2
0,6,125,2001,88.0,0
0,6,125,2002,100.0,0
0,6,125,2003,83.0,0
0,11,25,2015,93.0,0
0,11,346,2018,103.0,2
0,9,513,2019,88.0,1
0,8,0,2015,86.0,0
0,9,274,2015,88.0,2
0,7,13,2017,152.0,0
1,9,463,2014,1.0,1
0,11,319,2013,106.0,2
1,11,410,2015,1.0,1
0,12,281,2006,52.0,2
0,8,185,2008,98.0,2
0,9,217,2018,89.0,2
0,8,345,2017,86.0,2
0,9,326,2010,106.0,2
0,11,350,2010,100.0,2
0,12,274,2015,91.0,2
1,12,422,2010,1.0,1
1,14,423,2017,1.0,1
0,7,359,2014,113.0,2
0,5,284,2014,100.0,2
1,11,385,2015,1.0,1
0,12,220,2017,132.0,2
0,11,213,2020,96.0,2
0,7,344,2019,96.0,2
0,7,230,2006,113.0,2
1,13,422,2015,1.0,1
0,6,168,1992,95.0,0
0,11,282,2016,85.0,2
0,8,163,1981,106.0,0
0,8,197,1996,117.0,2
1,9,238,2017,1.0,2
0,5,39,2016,123.0,0
1,12,292,2018,1.0,2
0,6,125,2002,78.0,0
0,11,36,2019,95.0,0
0,5,332,2015,135.0,2
0,11,219,2011,130.0,2
0,9,200,2018,115.0,2
0,11,375,2014,114.0,2
0,11,329,2014,107.0,2
1,11,382,2018,1.0,1
0,11,203,2019,93.0,2
0,11,331,2015,94.0,2
0,11,319,2014,85.0,2
1,13,422,2019,1.0,1
0,14,121,2018,63.0,0
0,11,325,2017,104.0,2
0,12,200,2014,127.0,2
1,13,423,2020,3.0,1
0,8,186,2007,113.0,2
0,8,17,1972,91.0,0
0,7,60,2006,154.0,0
1,12,102,2016,1.0,0
0,7,185,1999,82.0,2
0,9,329,2016,98.0,2
1,11,234,2020,1.0,2
0,11,274,2017,103.0,2
0,11,285,2017,86.0,2
0,10,274,2016,92.0,2
0,12,319,1977,123.0,2
1,9,412,2018,1.0,1
0,8,315,2007,116.0,2
0,8,325,2017,93.0,2
0,8,199,2016,97.0,2
0,11,39,2016,108.0,0
0,8,52,1980,101.0,0
1,12,422,2010,1.0,1
0,12,328,1999,177.0,2
0,9,326,2008,95.0,2
0,8,230,2011,97.0,2
1,9,258,2018,2.0,2
1,11,498,1993,1.0,1
0,11,54,2014,111.0,0
0,11,375,2015,81.0,1
0,3,121,1999,89.0,0
0,3,121,2005,72.0,0
0,9,217,2013,112.0,2
0,14,121,2016,48.0,0
0,9,274,2017,81.0,2
0,12,332,2010,137.0,2
0,11,320,2016,89.0,2
0,6,125,2007,87.0,0
0,6,125,1991,88.0,0
0,6,20,1990,94.0,0
0,12,219,2010,125.0,2
0,14,121,2016,67.0,0
0,11,326,2017,108.0,2
0,11,319,2015,102.0,2
1,12,391,2010,1.0,1
0,8,60,2003,109.0,0
0,7,60,2009,115.0,0
0,12,281,2015,98.0,2
0,11,349,2017,84.0,2
0,12,220,2016,133.0,2
0,11,53,2012,121.0,0
1,14,433,2015,1.0,1
1,11,512,2019,1.0,1
1,9,487,2005,8.0,1
1,11,291,2018,1.0,2
0,11,289,2016,100.0,2
0,11,39,2016,117.0,0
0,9,281,2018,78.0,2
0,8,344,2015,87.0,2
1,12,412,2010,2.0,1
0,14,121,2016,88.0,0
1,14,433,2015,2.0,1
0,6,121,2005,93.0,0
0,6,121,2011,107.0,0
0,11,330,2007,99.0,2
0,11,39,2016,140.0,0
0,7,203,1995,113.0,2
0,8,345,2005,89.0,2
1,10,159,1967,8.0,0
0,6,125,2019,97.0,0
0,11,274,2019,97.0,2
0,9,200,2010,108.0,2
1,12,385,2014,2.0,1
0,11,200,2015,80.0,2
0,8,24,2013,90.0,0
0,8,0,2000,117.0,0
0,8,0,2016,95.0,0
0,8,349,2016,86.0,2
1,9,447,2009,1.0,1
0,9,309,2017,100.0,2
0,11,185,2015,87.0,2
0,11,274,2016,101.0,2
0,9,52,1993,83.0,0
0,11,359,2018,89.0,2
0,9,173,1942,18.0,0
1,11,412,2012,1.0,1
1,12,294,2016,1.0,2
1,9,102,2011,1.0,0
1,12,114,2015,1.0,0
0,11,274,2018,72.0,2
0,11,345,2016,95.0,2
0,8,349,2015,95.0,2
0,8,343,2016,98.0,2
1,10,100,2001,1.0,0
0,9,274,2016,59.0,2
1,11,99,2011,1.0,0
0,8,60,2010,118.0,0
0,11,329,2015,98.0,2
0,7,27,2010,111.0,0
0,7,467,2009,116.0,1
0,7,349,2016,97.0,2
0,7,319,2008,95.0,2
0,8,344,2007,122.0,2
0,11,324,2019,95.0,2
0,7,141,2017,93.0,0
0,7,203,2006,107.0,2
0,9,329,2017,119.0,2
0,7,60,2005,119.0,0
0,7,197,2007,97.0,2
0,11,217,2013,96.0,2
0,9,39,1983,103.0,0
0,7,359,2017,96.0,2
0,11,363,2019,106.0,2
0,9,319,2017,109.0,2
1,11,385,2018,1.0,1
0,8,344,2014,112.0,2
0,6,270,1977,96.0,2
0,11,289,2017,60.0,2
0,12,310,2017,113.0,2
0,11,39,2017,126.0,0
0,9,332,2016,109.0,2
0,8,359,2016,93.0,2
1,9,385,2017,1.0,1
0,11,328,2010,101.0,2
0,9,332,2016,111.0,2
0,11,319,2015,107.0,2
0,6,310,2013,100.0,2
0,12,125,2016,92.0,0
0,9,174,1965,103.0,0
1,12,100,2011,1.0,0
0,8,318,2010,105.0,2
0,9,230,2018,103.0,2
0,7,199,2016,101.0,2
0,11,330,2013,123.0,2
0,9,223,2011,114.0,2
0,8,359,1996,101.0,2
1,9,382,2016,2.0,1
0,6,125,2013,99.0,0
0,8,33,1994,102.0,0
0,12,190,1970,66.0,2
0,8,182,1992,112.0,2
1,12,300,2016,1.0,2
0,8,185,2015,101.0,2
0,9,326,2009,99.0,2
0,11,329,2011,105.0,2
0,6,121,1982,93.0,0
0,11,326,2018,121.0,2
0,11,50,2016,75.0,0
0,11,309,2015,95.0,2
0,11,289,2017,100.0,2
1,14,433,2015,2.0,1
0,8,344,2006,151.0,2
0,9,326,2017,78.0,2
0,9,359,2017,85.0,2
0,12,280,2017,69.0,2
0,8,359,2012,84.0,2
1,9,75,2013,1.0,0
0,9,274,2018,88.0,2
0,11,358,2015,86.0,2
0,12,326,2009,121.0,2
0,11,513,2016,99.0,1
1,11,409,2011,1.0,1
0,8,309,2016,110.0,2
0,7,20,2005,104.0,0
0,8,20,2007,95.0,0
0,11,326,2015,96.0,2
1,12,291,2016,1.0,2
0,8,318,2015,106.0,2
0,11,362,2017,112.0,2
0,11,172,1981,85.0,0
0,8,337,2016,107.0,2
0,8,346,2016,76.0,2
1,11,98,2012,1.0,0
0,11,281,2015,95.0,2
0,11,213,2018,88.0,2
0,8,343,2010,116.0,2
0,9,353,2009,121.0,2
0,8,345,2009,82.0,2
0,9,318,2014,87.0,2
0,11,217,2019,46.0,2
0,6,185,1996,103.0,2
1,11,98,2016,1.0,0
0,8,32,1978,97.0,0
0,6,125,1994,91.0,0
0,6,132,2000,91.0,0
0,11,39,1975,101.0,0
0,7,60,2008,104.0,0
0,11,274,2017,92.0,2
0,8,52,2017,113.0,0
0,11,345,2014,89.0,2
1,9,498,2017,5.0,1
0,7,309,2016,115.0,2
0,12,289,2016,84.0,2
0,8,344,2013,106.0,2
1,13,110,2015,2.0,0
1,12,294,2007,1.0,2
0,9,200,2003,124.0,2
0,11,289,2018,83.0,2
0,11,325,2019,107.0,2
0,8,344,2011,158.0,2
1,10,292,2016,1.0,2
0,11,347,2018,95.0,2
0,7,203,2017,97.0,2
0,11,325,2016,97.0,2
0,8,185,2009,89.0,2
0,9,310,2014,161.0,2
0,9,310,2015,205.0,2
0,9,310,2015,123.0,2
0,9,310,2014,190.0,2
0,11,39,2018,136.0,0
1,12,114,2018,4.0,0
0,9,16,1979,161.0,0
0,8,36,2005,133.0,0
1,5,97,2013,1.0,0
0,7,20,2011,119.0,0
1,11,487,2013,1.0,1
0,8,345,2017,94.0,2
0,7,359,2008,85.0,2
0,9,139,2017,108.0,0
0,11,274,2018,71.0,2
0,7,309,2011,147.0,2
0,11,345,2017,88.0,2
0,11,326,2015,99.0,2
0,11,318,2017,96.0,2
0,8,0,2016,97.0,0
0,9,205,2005,92.0,2
1,12,378,2015,1.0,1
0,9,274,2016,79.0,2
1,12,385,2015,3.0,1
0,12,283,2013,53.0,2
0,8,60,2017,94.0,0
0,6,197,2014,123.0,2
1,12,102,2015,1.0,0
0,7,0,2018,103.0,0
0,7,289,2016,111.0,2
0,7,60,2009,123.0,0
1,11,117,2010,3.0,0
0,11,373,2014,100.0,2
0,10,121,2018,75.0,0
0,6,125,2018,118.0,0
0,6,138,1995,96.0,0
0,8,197,2009,108.0,2
0,11,332,2016,99.0,2
0,11,326,2018,103.0,2
0,7,230,2009,99.0,2
1,11,96,2018,2.0,0
0,11,349,2015,100.0,2
1,11,234,2008,1.0,2
0,7,326,2011,105.0,2
0,9,281,2015,52.0,2
1,12,295,2010,1.0,2
0,7,203,2007,106.0,2
1,14,422,2010,1.0,1
0,12,326,2013,90.0,2
0,7,344,2017,95.0,2
1,12,446,2019,1.0,1
0,8,326,2010,118.0,2
1,11,462,2009,6.0,1
1,11,383,2017,1.0,1
0,6,338,2006,98.0,2
0,6,145,2017,86.0,0
0,11,281,2016,84.0,2
0,8,174,1992,93.0,0
0,7,349,2010,88.0,2
0,8,309,2016,131.0,2
0,11,217,2018,44.0,2
0,12,274,2014,96.0,2
0,9,274,2018,70.0,2
0,6,343,2019,88.0,2
0,11,274,2017,87.0,2
0,9,200,2016,118.0,2
1,9,244,2013,1.0,2
0,8,211,2017,89.0,2
0,6,138,2018,85.0,0
0,6,121,2015,107.0,0
0,8,332,2006,138.0,2
1,9,265,2015,1.0,2
0,8,220,2015,119.0,2
0,8,350,2017,93.0,2
0,12,277,2019,87.0,2
0,8,169,1974,121.0,0
0,6,204,2008,95.0,2
0,7,281,2014,103.0,2
0,7,60,2003,201.0,0
0,7,60,2002,179.0,0
0,7,233,2008,87.0,2
0,9,281,2016,98.0,2
0,9,326,1982,82.0,2
0,9,221,1993,85.0,2
0,12,274,2017,90.0,2
1,12,102,2012,1.0,0
0,9,288,2009,68.0,2
0,7,58,1998,138.0,0
0,8,60,1999,136.0,0
0,8,60,2003,138.0,0
0,8,60,2003,129.0,0
0,9,274,2018,116.0,2
0,11,326,2017,130.0,2
0,12,173,1944,40.0,0
0,8,185,2009,94.0,2
1,9,500,2015,1.0,1
1,12,291,2016,5.0,2
1,10,433,2012,2.0,1
1,11,398,2017,3.0,1
0,11,319,2016,104.0,2
0,8,346,2016,91.0,2
0,11,309,2015,70.0,2
1,11,291,2018,1.0,2
1,11,410,2017,1.0,1
0,6,125,2011,104.0,0
1,11,96,2015,1.0,0
0,12,328,2017,115.0,2
0,7,185,1991,85.0,2
0,7,186,1988,85.0,2
0,6,180,1984,138.0,2
0,9,173,1944,40.0,0
1,11,472,2021,1.0,1
0,11,215,2018,82.0,2
1,9,291,2017,1.0,2
0,9,281,2016,90.0,2
0,6,121,2018,99.0,0
1,9,487,2012,9.0,1
0,8,199,2014,91.0,2
0,12,217,2008,106.0,2
0,7,20,2010,108.0,0
0,8,20,2001,94.0,0
0,5,320,2016,87.0,2
0,8,0,1997,124.0,0
0,7,344,1993,141.0,2
0,9,284,2018,93.0,2
0,7,197,2012,103.0,2
0,7,336,2004,141.0,2
0,8,39,2013,155.0,0
0,6,125,2006,93.0,0
0,3,121,2014,78.0,0
0,8,309,2017,118.0,2
0,6,125,2012,88.0,0
0,8,318,2012,140.0,2
0,11,332,2015,124.0,2
0,11,217,2012,110.0,2
0,3,121,2004,100.0,0
0,9,274,2017,96.0,2
0,11,200,2004,116.0,2
0,8,0,2014,91.0,0
0,6,230,2004,111.0,2
0,3,121,2009,98.0,0
0,11,39,2017,125.0,0
0,9,274,2019,76.0,2
0,7,309,2006,117.0,2
0,11,289,2018,90.0,2
1,12,300,2009,1.0,2
0,12,141,2008,119.0,0
0,7,344,1997,136.0,2
1,9,446,2016,1.0,1
0,12,281,2010,52.0,2
1,11,100,2006,1.0,0
0,12,289,2015,81.0,2
0,11,289,2016,77.0,2
0,9,289,2017,120.0,2
0,11,319,2016,102.0,2
0,9,326,2015,90.0,2
1,11,413,2015,1.0,1
0,11,350,2016,90.0,2
0,11,348,2016,92.0,2
0,9,329,2011,93.0,2
0,7,359,2002,116.0,2
0,8,326,2014,107.0,2
0,5,318,2016,87.0,2
0,7,0,1994,111.0,0
1,9,412,2017,1.0,1
0,11,283,2016,101.0,2
0,7,513,2011,91.0,1
0,8,375,2014,103.0,2
0,8,197,2011,120.0,2
0,8,318,2015,90.0,2
0,8,319,2014,92.0,2
0,7,199,2012,99.0,2
0,8,344,2001,124.0,2
0,7,309,2015,111.0,2
0,10,274,2016,32.0,2
0,6,125,2019,86.0,0
0,8,274,2014,104.0,2
1,12,291,2015,1.0,2
0,11,219,2014,123.0,2
0,11,309,2017,105.0,2
0,9,165,1955,97.0,0
0,7,467,2014,97.0,1
0,5,347,2015,90.0,2
0,9,329,2013,163.0,2
1,11,244,2017,3.0,2
0,7,309,2010,121.0,2
0,7,59,2016,120.0,0
0,8,322,2013,95.0,2
0,11,319,1978,84.0,2
0,6,9,2010,94.0,0
0,11,281,2019,94.0,2
0,8,325,2015,122.0,2
1,9,291,2017,2.0,2
1,9,291,2017,1.0,2
0,9,513,2017,90.0,1
0,11,281,2015,91.0,2
0,8,345,2017,89.0,2
1,14,422,1989,1.0,1
0,9,274,2018,98.0,2
0,8,0,2009,106.0,0
0,8,344,1999,139.0,2
0,8,271,1974,83.0,2
0,9,326,2013,96.0,2
0,9,199,2016,94.0,2
0,10,274,2017,58.0,2
0,7,60,2002,96.0,0
0,7,338,2009,107.0,2
1,11,234,2016,1.0,2
0,8,324,2017,104.0,2
0,8,513,1996,94.0,1
0,11,185,2016,108.0,2
0,8,513,2015,91.0,1
0,9,281,2016,58.0,2
1,11,498,2010,4.0,1
0,7,20,2002,99.0,0
1,9,162,1963,4.0,0
0,8,230,2009,96.0,2
0,11,350,2011,93.0,2
1,11,417,2017,1.0,1
1,9,300,2009,1.0,2
0,11,326,2016,106.0,2
0,7,274,2013,103.0,2
0,7,359,2015,91.0,2
1,11,291,2017,1.0,2
0,9,39,2015,98.0,0
1,9,291,2007,1.0,2
0,8,326,2014,111.0,2
0,6,121,2007,112.0,0
0,7,233,1998,90.0,2
0,12,350,2006,101.0,2
0,9,220,2017,98.0,2
1,9,498,2005,7.0,1
0,8,346,2015,92.0,2
0,9,359,2018,88.0,2
1,11,393,2010,1.0,1
0,11,281,2016,47.0,2
0,12,198,2016,100.0,2
0,11,326,2017,114.0,2
0,7,0,1999,128.0,0
0,12,274,2018,53.0,2
0,9,513,2017,89.0,1
1,12,393,2009,1.0,1
0,11,217,2016,83.0,2
0,9,25,1985,85.0,0
0,12,274,2016,94.0,2
0,9,329,2017,104.0,2
0,7,288,1988,89.0,2
0,9,274,2016,86.0,2
1,9,418,2014,1.0,1
1,9,379,2015,1.0,1
0,12,220,2017,107.0,2
0,5,283,2015,77.0,2
0,11,319,2015,123.0,2
0,11,56,2017,122.0,0
0,7,28,2017,131.0,0
0,14,121,2011,77.0,0
0,5,326,2010,125.0,2
0,5,326,2010,125.0,2
0,11,52,2016,88.0,0
0,9,200,2010,96.0,2
0,11,344,2017,93.0,2
0,12,173,1947,42.0,0
1,9,244,2017,1.0,2
0,9,332,2016,108.0,2
0,11,326,2017,151.0,2
0,9,200,2013,125.0,2
1,9,412,2009,1.0,1
1,9,235,2014,1.0,2
0,3,121,2014,78.0,0
0,9,323,2018,97.0,2
1,13,422,2014,1.0,1
0,9,274,2016,84.0,2
0,7,191,1995,108.0,2
1,11,95,2015,3.0,0
1,14,423,2018,2.0,1
0,9,283,2017,89.0,2
0,14,125,2001,60.0,0
0,7,0,1997,119.0,0
1,9,102,2018,1.0,0
1,11,446,2018,3.0,1
0,9,319,2016,87.0,2
0,7,203,2001,104.0,2
0,5,185,2016,94.0,2
1,11,385,2016,1.0,1
0,7,0,2015,94.0,0
0,11,319,2007,130.0,2
0,11,350,2007,88.0,2
0,11,46,2016,118.0,0
0,8,187,1996,94.0,2
0,7,344,2008,114.0,2
0,7,467,2014,119.0,1
0,8,325,2014,114.0,2
0,8,199,2016,94.0,2
0,10,276,2017,82.0,2
0,12,274,2015,82.0,2
0,7,188,1990,96.0,2
0,7,210,1995,100.0,2
0,6,210,2001,104.0,2
0,7,210,2004,101.0,2
0,7,210,2015,99.0,2
0,7,23,2018,98.0,0
0,8,309,2016,100.0,2
0,9,199,1985,134.0,2
0,12,39,1995,173.0,0
0,11,375,2014,113.0,2
0,11,288,2019,91.0,2
0,11,281,2017,110.0,2
1,11,412,2017,1.0,1
0,11,0,2017,90.0,0
0,3,174,1969,128.0,0
0,8,309,2017,108.0,2
0,8,318,2015,124.0,2
0,8,208,2010,89.0,2
0,12,312,2012,162.0,2
0,9,173,1944,76.0,0
0,6,125,2013,96.0,0
0,8,345,2014,102.0,2
0,9,281,2010,53.0,2
1,9,152,1990,2.0,0
0,11,349,2018,86.0,2
1,13,110,2018,2.0,0
0,9,326,2015,89.0,2
0,11,513,2018,80.0,1
0,8,322,2016,95.0,2
0,9,281,2015,78.0,2
0,8,289,2008,90.0,2
0,5,332,2013,125.0,2
1,9,394,2015,4.0,1
0,8,326,2016,94.0,2
0,6,125,2006,90.0,0
0,11,274,2017,104.0,2
0,9,35,2017,40.0,0
0,8,319,2013,108.0,2
0,7,9,2016,94.0,0
0,12,173,1943,61.0,0
0,7,199,2012,94.0,2
0,9,319,2017,105.0,2
0,9,375,2011,83.0,1
0,8,203,2009,110.0,2
0,11,319,2017,121.0,2
0,9,25,2018,95.0,0
0,8,0,2016,130.0,0
0,8,41,2005,132.0,0
1,10,422,1995,2.0,1
0,7,0,2008,90.0,0
0,9,39,2016,117.0,0
0,9,200,2018,130.0,2
0,9,274,2016,78.0,2
0,5,309,2017,106.0,2
0,7,309,2015,110.0,2
0,8,60,2018,91.0,0
0,12,274,2016,113.0,2
0,8,344,2016,101.0,2
1,14,422,2013,2.0,1
0,9,326,2017,125.0,2
0,9,326,2014,116.0,2
0,5,200,2004,106.0,2
0,9,332,2018,113.0,2
1,13,423,2016,3.0,1
0,11,309,2018,99.0,2
0,11,52,2013,130.0,0
0,9,55,2016,120.0,0
0,11,326,2015,94.0,2
0,8,211,2005,94.0,2
1,9,412,2017,2.0,1
0,8,309,2016,109.0,2
0,12,274,2017,94.0,2
0,7,325,2017,96.0,2
0,8,0,2007,103.0,0
0,9,200,2013,109.0,2
0,7,309,2011,147.0,2
0,8,20,2016,98.0,0
0,9,347,2014,73.0,2
0,9,200,2015,92.0,2
1,11,292,2014,1.0,2
0,6,274,2017,78.0,2
0,10,274,2018,68.0,2
0,8,321,2015,96.0,2
0,9,513,2018,83.0,1
0,11,220,2016,91.0,2
0,8,318,2018,93.0,2
0,12,281,2017,38.0,2
0,11,199,2015,94.0,2
0,11,326,1983,91.0,2
1,11,488,2012,8.0,1
0,11,319,2016,95.0,2
1,12,102,2016,2.0,0
0,11,217,2015,124.0,2
0,14,121,2016,73.0,0
0,8,318,2014,108.0,2
0,11,208,2017,84.0,2
0,11,176,1967,93.0,0
0,11,289,2019,96.0,2
0,9,200,2017,102.0,2
1,9,410,2016,1.0,1
1,9,393,2012,1.0,1
0,7,359,2000,130.0,2
0,9,274,2017,52.0,2
0,9,344,2018,91.0,2
0,8,329,2002,110.0,2
1,12,498,2017,5.0,1
0,5,281,2013,75.0,2
0,9,281,2016,103.0,2
0,7,22,2000,89.0,0
0,8,185,2017,86.0,2
0,8,199,2015,97.0,2
0,11,467,2018,89.0,1
0,11,216,2016,91.0,2
0,11,286,2017,78.0,2
0,8,175,1967,90.0,0
1,9,393,2011,1.0,1
0,9,274,2016,50.0,2
0,11,274,2016,84.0,2
0,12,274,1943,82.0,2
1,12,102,2015,1.0,0
1,12,102,2013,1.0,0
0,7,28,1999,106.0,0
0,7,318,2018,105.0,2
0,11,284,2017,105.0,2
0,3,123,1971,100.0,0
0,9,281,2017,85.0,2
1,10,446,2016,1.0,1
0,5,174,1981,86.0,0
1,11,416,2014,1.0,1
0,8,318,2010,100.0,2
0,8,199,2014,106.0,2
0,9,138,2019,108.0,0
0,11,318,2017,74.0,2
0,8,324,2016,109.0,2
1,9,234,2010,3.0,2
0,11,288,2019,97.0,2
0,7,36,2006,129.0,0
1,12,99,2017,1.0,0
0,12,442,2015,49.0,1
0,11,349,2013,93.0,2
0,9,220,2015,133.0,2
0,11,326,2016,140.0,2
0,12,274,1943,45.0,2
0,7,0,1994,191.0,0
0,8,345,2017,81.0,2
0,7,63,2002,124.0,0
0,7,0,2005,101.0,0
0,8,319,2001,106.0,2
0,11,319,2008,137.0,2
0,9,329,2001,171.0,2
0,9,328,2011,132.0,2
0,9,25,2013,147.0,0
0,12,200,2006,151.0,2
0,9,319,2018,97.0,2
1,12,409,2018,1.0,1
0,6,125,2014,90.0,0
0,12,365,2010,111.0,2
0,12,365,2012,112.0,2
0,12,365,2015,107.0,2
1,14,86,2015,1.0,0
0,14,66,2016,96.0,0
0,7,208,2016,88.0,2
1,13,422,2016,1.0,1
0,13,121,2015,78.0,0
1,14,422,2016,1.0,1
0,10,121,2017,87.0,0
0,12,230,2017,85.0,2
0,11,326,2015,157.0,2
0,12,200,2009,116.0,2
0,16,20,2008,113.0,0
0,8,199,2011,94.0,2
0,5,52,1973,81.0,0
0,6,125,2005,88.0,0
0,9,319,2016,98.0,2
1,14,86,2015,2.0,0
1,12,412,2016,2.0,1
1,14,422,2016,3.0,1
0,11,200,2014,131.0,2
0,9,326,2009,120.0,2
1,12,394,2012,1.0,1
0,11,332,2015,96.0,2
0,8,269,2007,158.0,2
1,14,424,2018,2.0,1
0,8,207,2009,88.0,2
0,6,125,2006,88.0,0
0,9,328,2015,111.0,2
